0,1,2,3,4,5,6,7
-1.7148160424389376,-1.7148160424389378,1.7148160424389378,-0.01815075256849141,4.735670708697134e-17,-5.951019323305292e-17,-2.8733263224967827,-2.482896501870979
-1.6801732941068377,-1.6801732941068381,1.6801732941068381,0.0918538084526689,1.005037815259212,-1.0050378152592085,-2.8685264762067564,-2.4822543039223626
-1.645530545774738,-1.6455305457747385,1.6455305457747387,0.0918538084526689,1.005037815259212,-1.0050378152592085,-2.874726119599731,-2.4832234993680093
-1.6108877974426385,-1.6108877974426385,1.6108877974426383,0.0918538084526689,1.005037815259212,-1.0050378152592265,-2.866693537191068,-2.482632104896861
-1.5762450491105386,-1.5762450491105389,1.5762450491105386,0.09185380845266908,1.005037815259212,-1.0050378152592085,-2.8672754060937047,-2.4808785972926115
-1.541602300778439,-1.541602300778439,1.5416023007784392,0.0918538084526689,1.005037815259212,-1.0050378152592085,-2.688021802766713,-2.4819826122494417
-1.506959552446339,-1.5069595524463395,1.5069595524463395,0.0918538084526689,1.005037815259212,-1.0050378152592265,-2.6605753237335854,-2.479430741428947
-1.4723168041142392,-1.4723168041142396,1.4723168041142398,0.09185380845266908,1.005037815259212,-1.0050378152592085,-2.6938488333548256,-2.4829360153694733
-1.4376740557821397,-1.43767405578214,1.4376740557821395,0.0918538084526689,1.005037815259212,-1.0050378152591903,-2.6938488333548256,-2.484777580896593
-1.40303130745004,-1.40303130745004,1.40303130745004,0.0918538084526689,1.005037815259212,-1.0050378152592265,-2.5280664537573463,-2.481784680544487
-1.36838855911794,-1.3683885591179403,1.3683885591179403,0.0918538084526689,1.005037815259212,-1.0050378152592085,-2.5280664537573463,-2.481444544049509
-1.3337458107858404,-1.3337458107858406,1.3337458107858406,0.0918538084526689,1.005037815259212,-1.0050378152592085,-2.5280664537573463,-2.4826415758704417
-1.2991030624537405,-1.299103062453741,1.299103062453741,0.0918538084526689,1.005037815259212,-1.0050378152592085,-2.5740055949103215,-2.4832784246836828
-1.264460314121641,-1.264460314121641,1.2644603141216408,0.09185380845266908,1.005037815259212,-1.0050378152592265,-2.5740055949103215,-2.4840565794996503
-1.229817565789541,-1.2298175657895414,1.2298175657895412,0.09185380845266908,1.005037815259212,-1.0050378152592085,-2.5740055949103215,-2.4845783890123423
-1.1951748174574415,-1.1951748174574417,1.1951748174574415,0.09185380845266873,1.005037815259212,-1.0050378152592085,-2.5740055949103215,-2.4820777849005307
-1.1605320691253413,-1.160532069125342,1.160532069125342,0.09185380845266908,1.005037815259212,-1.0050378152592085,-2.5740055949103215,-2.4820777849005307
-1.1258893207932419,-1.1258893207932419,1.1258893207932423,0.09185380845266908,1.005037815259212,-1.0050378152592265,-2.5740055949103215,-2.4820777849005307
-1.0912465724611422,-1.0912465724611422,1.091246572461142,0.09185380845266873,1.005037815259212,-1.0050378152591903,-2.6354213097215085,-2.4820777849005307
-1.0566038241290425,-1.0566038241290425,1.0566038241290425,0.09185380845266873,1.005037815259212,-1.0050378152592085,-2.684146134168292,-2.4820777849005307
-1.0219610757969426,-1.0219610757969428,1.0219610757969428,0.09185380845266908,1.005037815259212,-1.0050378152592265,-2.684146134168292,-2.4820777849005307
-0.9873183274648429,-0.9873183274648432,0.9873183274648432,0.09185380845266873,1.005037815259212,-1.0050378152592085,-2.684146134168292,-2.4820777849005307
-0.9526755791327431,-0.9526755791327434,0.9526755791327435,0.09185380845266908,1.005037815259212,-1.0050378152592085,-2.684146134168292,-2.4820777849005307
-0.9180328308006434,-0.9180328308006435,0.9180328308006432,0.09185380845266908,1.005037815259212,-1.0050378152592265,-2.6989068427555036,-2.4820777849005307
-0.8833900824685437,-0.8833900824685439,0.8833900824685437,0.09185380845266873,1.005037815259212,-1.0050378152592085,-2.6151084875181705,-2.4820777849005307
-0.8487473341364439,-0.8487473341364441,0.848747334136444,0.09185380845266908,1.005037815259212,-1.0050378152592085,-2.5896207852563853,-2.4820777849005307
-0.8141045858043441,-0.8141045858043442,0.8141045858043444,0.09185380845266908,1.005037815259212,-1.0050378152592085,-2.5896207852563853,-2.4820777849005307
-0.7794618374722443,-0.7794618374722444,0.7794618374722447,0.09185380845266908,1.005037815259212,-1.0050378152592085,-2.6429623390735215,-2.4820777849005307
-0.7448190891401445,-0.7448190891401446,0.7448190891401445,0.09185380845266908,1.005037815259212,-1.0050378152592265,-2.652983728482608,-2.4820777849005307
-0.7101763408080449,-0.710176340808045,0.7101763408080449,0.09185380845266837,1.0050378152592057,-1.0050378152592085,-2.5055712406469643,-2.4820777849005307
-0.675533592475945,-0.6755335924759454,0.6755335924759452,0.09185380845266908,1.005037815259212,-1.0050378152592085,-2.5055712406469643,-2.4820777849005307
-0.6408908441438452,-0.6408908441438456,0.640890844143845,0.09185380845266908,1.005037815259212,-1.0050378152592174,-2.5055712406469643,-2.4820777849005307
-0.6062480958117453,-0.6062480958117457,0.6062480958117453,0.09185380845266908,1.005037815259212,-1.0050378152592174,-2.5055712406469643,-2.4820777849005307
-0.5716053474796455,-0.5716053474796459,0.5716053474796458,0.09185380845266908,1.005037815259212,-1.0050378152592085,-2.529914050691319,-2.4820777849005307
-0.5369625991475457,-0.5369625991475461,0.5369625991475461,0.09185380845266908,1.005037815259212,-1.0050378152592085,-2.579830476026254,-2.4820777849005307
-0.5023198508154464,-0.5023198508154465,0.5023198508154462,0.09185380845266837,1.0050378152592057,-1.0050378152592174,-2.5778649252778103,-2.4820777849005307
-0.46767710248334665,-0.4676771024833467,0.4676771024833469,0.09185380845266908,1.005037815259212,-1.0050378152591994,-2.5553900486122516,-2.4820777849005307
-0.43303435415124686,-0.4330343541512469,0.4330343541512469,0.09185380845266908,1.005037815259212,-1.0050378152592174,-2.5413847843950754,-2.4820777849005307
-0.3983916058191473,-0.39839160581914734,0.3983916058191473,0.09185380845266837,1.0050378152592057,-1.0050378152592085,-2.332694049065625,-2.4820777849005307
-0.3637488574870475,-0.36374885748704755,0.36374885748704733,0.09185380845266908,1.005037815259212,-1.0050378152592174,-2.332694049065625,-2.4820777849005307
-0.3291061091549477,-0.32910610915494776,0.3291061091549477,0.09185380845266908,1.005037815259212,-1.0050378152592085,-2.332694049065625,-2.4820777849005307
-0.2944633608228479,-0.29446336082284796,0.2944633608228481,0.09185380845266908,1.005037815259212,-1.0050378152592174,-2.332694049065625,-2.4820777849005307
-0.25982061249074834,-0.2598206124907484,0.25982061249074845,0.09185380845266837,1.0050378152592057,-1.0050378152591994,-2.332694049065625,-2.4820777849005307
-0.22517786415864854,-0.22517786415864857,0.22517786415864882,0.09185380845266908,1.005037815259212,-1.0050378152592085,-2.332694049065625,-2.4820777849005307
-0.19053511582654875,-0.19053511582654878,0.1905351158265489,0.09185380845266908,1.005037815259212,-1.0050378152592174,-2.332694049065625,-2.4820777849005307
-0.15589236749444896,-0.15589236749444899,0.15589236749444896,0.09185380845266908,1.005037815259212,-1.0050378152592174,-2.303761399863036,-2.4820777849005307
-0.12124961916234916,-0.12124961916234918,0.12124961916234932,0.09185380845266908,1.005037815259212,-1.0050378152592085,-2.303761399863036,-2.4820777849005307
-0.08660687083024937,-0.08660687083024939,0.08660687083024969,0.09185380845266908,1.005037815259212,-1.0050378152592085,-2.3077699726846563,-2.4820777849005307
-0.051964122498149815,-0.05196412249814982,0.05196412249814975,0.09185380845266837,1.0050378152592057,-1.0050378152592174,-2.223821952074219,-2.4820777849005307
-0.01732137416605002,-0.01732137416605002,0.017321374166049817,0.09185380845266908,1.005037815259212,-1.0050378152592174,-2.1524071259165263,-2.4820777849005307
0.017321374166049775,0.01732137416604978,-0.017321374166049817,0.09185380845266908,1.005037815259212,-1.0050378152592085,-2.215524411131072,-2.4820777849005307
0.05196412249814957,0.05196412249814958,-0.05196412249814945,0.09185380845266908,1.005037815259212,-1.0050378152592085,-2.091192603997205,-2.4820777849005307
0.08660687083024937,0.08660687083024939,-0.08660687083024939,0.09185380845266908,1.005037815259212,-1.0050378152592174,-2.091192603997205,-2.4820777849005307
0.12124961916234916,0.12124961916234918,-0.12124961916234932,0.09185380845266908,1.005037815259212,-1.0050378152592174,-2.0183060712585474,-2.4820777849005307
0.15589236749444896,0.15589236749444899,-0.15589236749444896,0.09185380845266908,1.005037815259212,-1.0050378152592085,-2.0183060712585474,-2.236523520820064
0.19053511582654875,0.19053511582654878,-0.19053511582654858,0.09185380845266908,1.005037815259212,-1.0050378152592085,-2.0183060712585474,-2.236523520820064
0.22517786415864854,0.22517786415864857,-0.2251778641586482,0.09185380845266908,1.005037815259212,-1.0050378152592174,-2.084644580211442,-2.236523520820064
0.2598206124907481,0.2598206124907481,-0.25982061249074845,0.09185380845266837,1.0050378152592057,-1.0050378152592174,-1.8712451047316394,-2.236523520820064
0.29446336082284763,0.2944633608228477,-0.2944633608228478,0.09185380845266837,1.0050378152592057,-1.0050378152591994,-1.9045576634176056,-2.236523520820064
0.3291061091549475,0.3291061091549475,-0.3291061091549474,0.09185380845266908,1.005037815259212,-1.0050378152592085,-1.949914430813371,-2.236523520820064
0.3637488574870475,0.36374885748704755,-0.36374885748704733,0.09185380845266908,1.005037815259212,-1.0050378152592174,-1.609200259123399,-2.236523520820064
0.3983916058191473,0.39839160581914684,-0.39839160581914695,0.09185380845266908,1.005037815259212,-1.0050378152592085,-1.609200259123399,-2.236523520820064
0.4330343541512471,0.43303435415124714,-0.4330343541512469,0.09185380845266908,1.005037815259212,-1.0050378152592174,-1.6646420879328985,-2.236523520820064
0.4676771024833464,0.46767710248334643,-0.46767710248334654,0.09185380845266837,1.0050378152592057,-1.0050378152592085,-1.707329399445362,-2.236523520820064
0.5023198508154469,0.5023198508154469,-0.5023198508154465,0.09185380845266995,1.0050378152592248,-1.0050378152592174,-1.7169274443818205,-2.236523520820064
0.536962599147546,0.5369625991475461,-0.5369625991475461,0.09185380845266837,1.0050378152592057,-1.0050378152592085,-1.511770144875772,-2.236523520820064
0.5716053474796465,0.5716053474796466,-0.5716053474796458,0.09185380845266995,1.0050378152592248,-1.0050378152592174,-1.5673830945302725,-2.1091017309451066
0.6062480958117455,0.6062480958117457,-0.6062480958117457,0.09185380845266837,1.0050378152592057,-1.0050378152592085,-1.5128164148297858,-2.1091017309451066
0.6408908441438457,0.6408908441438457,-0.6408908441438457,0.09185380845266995,1.0050378152592248,-1.0050378152592174,-1.4553745180695403,-2.1091017309451066
0.6755335924759451,0.6755335924759452,-0.6755335924759452,0.09185380845266837,1.0050378152592057,-1.0050378152592085,-1.366661554975021,-2.1091017309451066
0.7101763408080447,0.7101763408080448,-0.7101763408080451,0.09185380845266837,1.0050378152592057,-1.0050378152592174,-1.390034063411865,-2.1091017309451066
0.7448190891401443,0.7448190891401444,-0.7448190891401447,0.09185380845266837,1.0050378152592057,-1.0050378152591994,-1.390034063411865,-2.1091017309451066
0.7794618374722443,0.7794618374722444,-0.7794618374722444,0.09185380845266995,1.0050378152592248,-1.0050378152592125,-1.2282260064623232,-2.1091017309451066
0.8141045858043439,0.814104585804344,-0.8141045858043441,0.09185380845266837,1.0050378152592057,-1.0050378152592125,-1.100332029405602,-2.1091017309451066
0.8487473341364439,0.848747334136444,-0.8487473341364439,0.09185380845266995,1.0050378152592248,-1.0050378152592125,-0.9622621856614546,-2.1091017309451066
0.8833900824685434,0.8833900824685436,-0.8833900824685437,0.09185380845266837,1.0050378152592057,-1.0050378152592125,-0.9752436900235749,-2.1091017309451066
0.918032830800643,0.9180328308006431,-0.9180328308006435,0.09185380845266837,1.0050378152592057,-1.0050378152592125,-0.8424675364839238,-2.1091017309451066
0.952675579132743,0.9526755791327431,-0.9526755791327433,0.09185380845266995,1.0050378152592248,-1.0050378152592125,-0.8152908234464395,-1.8145082381868658
0.9873183274648426,0.9873183274648427,-0.9873183274648428,0.09185380845266837,1.0050378152592057,-1.0050378152592125,-0.7280433235106472,-1.8145082381868658
1.0219610757969426,1.0219610757969428,-1.0219610757969426,0.09185380845266995,1.0050378152592248,-1.0050378152592125,-0.7151098995587419,-1.8145082381868658
1.0566038241290423,1.0566038241290423,-1.0566038241290425,0.09185380845266837,1.0050378152592057,-1.0050378152592125,-0.7743356212813695,-1.8145082381868658
1.0912465724611422,1.0912465724611424,-1.0912465724611424,0.09185380845266995,1.0050378152592248,-1.0050378152592125,-0.7828152621872599,-1.8145082381868658
1.1258893207932419,1.1258893207932419,-1.125889320793242,0.09185380845266837,1.0050378152592057,-1.0050378152592125,-0.6292075157931313,-1.8145082381868658
1.1605320691253418,1.160532069125342,-1.1605320691253418,0.09185380845266995,1.0050378152592248,-1.0050378152592125,-0.49063223969728686,-1.8145082381868658
1.1951748174574408,1.195174817457441,-1.1951748174574413,0.09185380845266682,1.0050378152591928,-1.0050378152591994,-0.49063223969728686,-1.8145082381868658
1.229817565789541,1.2298175657895412,-1.2298175657895412,0.09185380845266995,1.0050378152592248,-1.0050378152592174,-0.3661560436484534,-1.8145082381868658
1.2644603141216404,1.2644603141216406,-1.2644603141216408,0.09185380845266837,1.0050378152592057,-1.0050378152592085,-0.36791204989534054,-1.5708192340441343
1.2991030624537405,1.2991030624537407,-1.2991030624537407,0.09185380845266995,1.0050378152592248,-1.0050378152592174,-0.3029061938530778,-1.5708192340441343
1.33374581078584,1.3337458107858402,-1.3337458107858404,0.09185380845266837,1.0050378152592057,-1.0050378152592085,-0.285381579915724,-1.5708192340441343
1.36838855911794,1.3683885591179403,-1.36838855911794,0.09185380845266995,1.0050378152592248,-1.0050378152592174,-0.3378392811833664,-1.5708192340441343
1.4030313074500396,1.4030313074500398,-1.40303130745004,0.09185380845266837,1.0050378152592057,-1.0050378152592103,-0.12608860372221892,-1.2147271141875267
1.4376740557821397,1.43767405578214,-1.43767405578214,0.09185380845266995,1.0050378152592248,-1.0050378152592125,0.03260102684708904,-1.2147271141875267
1.4723168041142398,1.4723168041142394,-1.4723168041142396,0.09185380845266837,1.0050378152592057,-1.0050378152592125,0.11307333051234214,-1.2147271141875267
1.5069595524463393,1.5069595524463395,-1.5069595524463395,0.09185380845266995,1.0050378152592248,-1.0050378152592125,0.07255584510784413,-1.2147271141875267
1.541602300778439,1.541602300778439,-1.5416023007784392,0.09185380845266837,1.0050378152592057,-1.0050378152592125,0.08713820581487676,-0.9285618441835461
1.5762450491105384,1.5762450491105382,-1.576245049110539,0.09185380845266837,1.0050378152592057,-1.0050378152592125,0.2767970102427625,-0.9285618441835461
1.6108877974426379,1.610887797442638,-1.6108877974426383,0.09185380845266837,1.0050378152592057,-1.0050378152592012,0.4353514328448503,-0.9285618441835461
1.645530545774738,1.6455305457747382,-1.645530545774738,0.09185380845266995,1.0050378152592248,-1.0050378152592125,0.4353514328448503,-0.9285618441835461
1.6801732941068375,1.6801732941068377,-1.680173294106838,0.09185380845266837,1.0050378152592057,-1.0050378152592125,0.4353514328448503,-0.9285618441835461
1.7148160424389376,1.7148160424389378,-1.7148160424389376,0.09185380845266995,1.0050378152592248,-1.0050378152592125,0.5913202401703443,-0.9285618441835461
-1.7148160424389376,1.7148160424389378,-1.7148160424389376,-10.908602293663375,4.735670708697134e-17,-5.951019323305292e-17,0.7008069082886011,-0.4515170969733017
-1.6801732941068377,1.6801732941068377,-1.680173294106838,0.0918538084526689,-1.0050378152592248,1.0050378152592125,0.6570017170171804,-0.4515170969733017
-1.645530545774738,1.6455305457747382,-1.645530545774738,0.0918538084526689,-1.0050378152592057,1.0050378152592125,0.9080330962836834,-0.4515170969733017
-1.6108877974426385,1.610887797442638,-1.6108877974426383,0.0918538084526689,-1.0050378152592248,1.0050378152592125,0.8512028912549443,-0.4515170969733017
-1.5762450491105386,1.5762450491105382,-1.576245049110539,0.09185380845266908,-1.0050378152592057,1.0050378152592012,1.136825950020504,-0.4515170969733017
-1.541602300778439,1.541602300778439,-1.5416023007784392,0.0918538084526689,-1.0050378152592057,1.0050378152592125,1.136825950020504,-0.18173196686793924
-1.506959552446339,1.5069595524463395,-1.5069595524463395,0.0918538084526689,-1.0050378152592057,1.0050378152592125,1.136825950020504,-0.18173196686793924
-1.4723168041142392,1.4723168041142394,-1.4723168041142396,0.09185380845266908,-1.0050378152592248,1.0050378152592125,1.136825950020504,-0.18173196686793924
-1.4376740557821397,1.43767405578214,-1.43767405578214,0.0918538084526689,-1.0050378152592057,1.0050378152592125,1.136825950020504,-0.18173196686793924
-1.40303130745004,1.4030313074500398,-1.40303130745004,0.0918538084526689,-1.0050378152592248,1.0050378152592125,1.136825950020504,0.10916278884026832
-1.36838855911794,1.3683885591179403,-1.36838855911794,0.0918538084526689,-1.0050378152592057,1.0050378152592103,1.136825950020504,0.10916278884026832
-1.3337458107858404,1.3337458107858402,-1.3337458107858404,0.0918538084526689,-1.0050378152592248,1.0050378152592174,1.136825950020504,0.10916278884026832
-1.2991030624537405,1.2991030624537407,-1.2991030624537407,0.0918538084526689,-1.0050378152592057,1.0050378152592085,1.136825950020504,0.386094068503689
-1.264460314121641,1.2644603141216406,-1.2644603141216408,0.09185380845266908,-1.0050378152592248,1.0050378152592174,1.136825950020504,0.386094068503689
-1.229817565789541,1.2298175657895412,-1.2298175657895412,0.09185380845266908,-1.0050378152592057,1.0050378152592085,1.136825950020504,0.386094068503689
-1.1951748174574415,1.195174817457441,-1.1951748174574413,0.09185380845266873,-1.0050378152592248,1.0050378152592174,1.174598952364101,0.386094068503689
-1.1605320691253413,1.160532069125342,-1.1605320691253418,0.09185380845266908,-1.0050378152591928,1.0050378152591994,1.1863483426347563,0.386094068503689
-1.1258893207932419,1.1258893207932419,-1.125889320793242,0.09185380845266908,-1.0050378152592248,1.0050378152592125,1.1464745890546826,0.386094068503689
-1.0912465724611422,1.0912465724611424,-1.0912465724611424,0.09185380845266873,-1.0050378152592057,1.0050378152592125,1.1021727249418818,0.386094068503689
-1.0566038241290425,1.0566038241290423,-1.0566038241290425,0.09185380845266873,-1.0050378152592248,1.0050378152592125,1.128860962726477,0.386094068503689
-1.0219610757969426,1.0219610757969428,-1.0219610757969426,0.09185380845266908,-1.0050378152592057,1.0050378152592125,1.1754896661848075,0.386094068503689
-0.9873183274648429,0.9873183274648427,-0.9873183274648428,0.09185380845266873,-1.0050378152592248,1.0050378152592125,1.1950654617558998,0.386094068503689
-0.9526755791327431,0.9526755791327431,-0.9526755791327433,0.09185380845266908,-1.0050378152592057,1.0050378152592125,1.2126501312520148,0.386094068503689
-0.9180328308006434,0.9180328308006431,-0.9180328308006435,0.09185380845266908,-1.0050378152592248,1.0050378152592125,1.1605943879845184,0.39295982176453836
-0.8833900824685437,0.8833900824685436,-0.8833900824685437,0.09185380845266873,-1.0050378152592057,1.0050378152592125,1.1440528437378366,0.40386012727280374
-0.8487473341364439,0.848747334136444,-0.8487473341364439,0.09185380845266908,-1.0050378152592057,1.0050378152592125,1.0873167252108509,0.37867902175161855
-0.8141045858043441,0.814104585804344,-0.8141045858043441,0.09185380845266908,-1.0050378152592248,1.0050378152592125,1.1034491194509624,0.3858984050239397
-0.7794618374722443,0.7794618374722444,-0.7794618374722444,0.09185380845266908,-1.0050378152592057,1.0050378152592125,1.1131454305282475,0.3757380211466953
-0.7448190891401445,0.7448190891401444,-0.7448190891401447,0.09185380845266908,-1.0050378152592248,1.0050378152592125,1.0755065504476164,0.37138893355926256
-0.7101763408080449,0.7101763408080448,-0.7101763408080451,0.09185380845266837,-1.0050378152592057,1.0050378152591994,1.0543758582733624,0.3886023378301492
-0.675533592475945,0.6755335924759452,-0.6755335924759452,0.09185380845266908,-1.0050378152592057,1.0050378152592174,1.0547333974536661,0.38642729554132854
-0.6408908441438452,0.6408908441438457,-0.6408908441438457,0.09185380845266908,-1.0050378152592057,1.0050378152592085,1.0571987245336032,0.3941907645489116
-0.6062480958117453,0.6062480958117457,-0.6062480958117457,0.09185380845266908,-1.0050378152592248,1.0050378152592174,1.0797696855105476,0.39036140087088395
-0.5716053474796455,0.5716053474796466,-0.5716053474796458,0.09185380845266908,-1.0050378152592057,1.0050378152592085,1.0592543910076888,0.3656093018465496
-0.5369625991475457,0.5369625991475461,-0.5369625991475461,0.09185380845266908,-1.0050378152592248,1.0050378152592174,1.0440435944998627,0.3528640602349212
-0.5023198508154464,0.5023198508154469,-0.5023198508154465,0.09185380845266837,-1.0050378152592057,1.0050378152592085,1.0341009164875994,0.3572788757521877
-0.46767710248334665,0.46767710248334643,-0.46767710248334654,0.09185380845266908,-1.0050378152592248,1.0050378152592174,1.026256784539659,0.38062815497021535
-0.43303435415124686,0.43303435415124714,-0.4330343541512469,0.09185380845266908,-1.0050378152592057,1.0050378152592085,1.040578751804667,0.38057360845771143
-0.3983916058191473,0.39839160581914684,-0.39839160581914695,0.09185380845266837,-1.005037815259212,1.0050378152592174,1.0360949011383849,0.38728643003384383
-0.3637488574870475,0.36374885748704755,-0.36374885748704733,0.09185380845266908,-1.005037815259212,1.0050378152592085,1.1040182125451292,0.39068190103711997
-0.3291061091549477,0.3291061091549475,-0.3291061091549474,0.09185380845266908,-1.005037815259212,1.0050378152592174,1.1390748766143863,0.39882928508834325
-0.2944633608228479,0.2944633608228477,-0.2944633608228478,0.09185380845266908,-1.005037815259212,1.0050378152592085,1.0941706606650845,0.3817788581594614
-0.25982061249074834,0.2598206124907481,-0.25982061249074845,0.09185380845266837,-1.0050378152592057,1.0050378152591994,1.0858564679015144,0.357756308730855
-0.22517786415864854,0.22517786415864857,-0.2251778641586482,0.09185380845266908,-1.0050378152592057,1.0050378152592174,1.0950287212191305,0.3524814107701212
-0.19053511582654875,0.19053511582654878,-0.19053511582654858,0.09185380845266908,-1.005037815259212,1.0050378152592174,1.0531550002723142,0.37188206414440733
-0.15589236749444896,0.15589236749444899,-0.15589236749444896,0.09185380845266908,-1.005037815259212,1.0050378152592085,1.0093691268815213,0.3803793016609303
-0.12124961916234916,0.12124961916234918,-0.12124961916234932,0.09185380845266908,-1.005037815259212,1.0050378152592085,1.0019888787379572,0.3768166364337353
-0.08660687083024937,0.08660687083024939,-0.08660687083024939,0.09185380845266908,-1.005037815259212,1.0050378152592174,1.0400784816130388,0.35804220464868974
-0.051964122498149815,0.05196412249814958,-0.05196412249814945,0.09185380845266837,-1.005037815259212,1.0050378152592174,1.0353695993649596,0.3299334936191502
-0.01732137416605002,0.01732137416604978,-0.017321374166049817,0.09185380845266908,-1.005037815259212,1.0050378152592085,1.0497143969779856,0.31739395640778384
0.017321374166049775,-0.01732137416605002,0.017321374166049817,0.09185380845266908,-1.005037815259212,1.0050378152592085,1.024462189740491,0.32211604818306594
0.05196412249814957,-0.05196412249814982,0.05196412249814975,0.09185380845266908,-1.005037815259212,1.0050378152592174,1.0155585499485789,0.3082416172997388
0.08660687083024937,-0.08660687083024939,0.08660687083024969,0.09185380845266908,-1.0050378152592057,1.0050378152592174,0.9789881650010286,0.3227375070341544
0.12124961916234916,-0.12124961916234918,0.12124961916234932,0.09185380845266908,-1.005037815259212,1.0050378152592085,0.994356379250448,0.33602849454500844
0.15589236749444896,-0.15589236749444899,0.15589236749444896,0.09185380845266908,-1.005037815259212,1.0050378152592085,0.9584511667917853,0.3438962053377466
0.19053511582654875,-0.19053511582654878,0.1905351158265489,0.09185380845266908,-1.005037815259212,1.0050378152592174,0.8676552227412588,0.3524614811127384
0.22517786415864854,-0.22517786415864857,0.22517786415864882,0.09185380845266908,-1.005037815259212,1.0050378152592174,0.9105260643109038,0.3607373613118234
0.2598206124907481,-0.2598206124907484,0.25982061249074845,0.09185380845266837,-1.005037815259212,1.0050378152592085,0.9275195632394164,0.3786231045958272
0.29446336082284763,-0.29446336082284796,0.2944633608228481,0.09185380845266837,-1.0050378152592057,1.0050378152591994,0.9917985071625941,0.3761737116142907
0.3291061091549475,-0.32910610915494776,0.3291061091549477,0.09185380845266908,-1.005037815259212,1.0050378152592174,1.0049331930765908,0.39197091281847346
0.3637488574870475,-0.36374885748704755,0.36374885748704733,0.09185380845266908,-1.005037815259212,1.0050378152592085,0.9999002381936888,0.36649193171465566
0.3983916058191473,-0.39839160581914734,0.3983916058191473,0.09185380845266908,-1.005037815259212,1.0050378152592174,0.9916354959625949,0.38031081834384617
0.4330343541512471,-0.4330343541512469,0.4330343541512469,0.09185380845266908,-1.0050378152592057,1.0050378152592085,0.974676426540856,0.3774511694900624
0.4676771024833464,-0.4676771024833467,0.4676771024833469,0.09185380845266837,-1.005037815259212,1.0050378152592174,0.9195908236950043,0.38483182528352755
0.5023198508154469,-0.5023198508154465,0.5023198508154462,0.09185380845266995,-1.005037815259212,1.0050378152591994,0.9476856970444884,0.3724455742542726
0.536962599147546,-0.5369625991475461,0.5369625991475461,0.09185380845266837,-1.0050378152592057,1.0050378152592174,0.9802757101612526,0.3699969628670996
0.5716053474796465,-0.5716053474796459,0.5716053474796458,0.09185380845266995,-1.005037815259212,1.0050378152592085,0.933520651490635,0.35487425817983514
0.6062480958117455,-0.6062480958117457,0.6062480958117453,0.09185380845266837,-1.005037815259212,1.0050378152592085,0.8712987515883603,0.36229882833106547
0.6408908441438457,-0.6408908441438456,0.640890844143845,0.09185380845266995,-1.005037815259212,1.0050378152592174,0.8583310866552879,0.362431684331963
0.6755335924759451,-0.6755335924759454,0.6755335924759452,0.09185380845266837,-1.005037815259212,1.0050378152592174,0.8267254040620352,0.35555520990522815
0.7101763408080447,-0.710176340808045,0.7101763408080449,0.09185380845266837,-1.005037815259212,1.0050378152592085,0.8059404518763428,0.3431009900365053
0.7448190891401443,-0.7448190891401446,0.7448190891401445,0.09185380845266837,-1.0050378152592057,1.0050378152592085,0.844018623945624,0.34631113798384633
0.7794618374722443,-0.7794618374722444,0.7794618374722447,0.09185380845266995,-1.005037815259212,1.0050378152592265,0.7789789227048698,0.34399445682740293
0.8141045858043439,-0.8141045858043442,0.8141045858043444,0.09185380845266837,-1.005037815259212,1.0050378152592085,0.769639175891002,0.314928502463968
0.8487473341364439,-0.8487473341364441,0.848747334136444,0.09185380845266995,-1.005037815259212,1.0050378152592085,0.7266715298339274,0.3193887123618766
0.8833900824685434,-0.8833900824685439,0.8833900824685437,0.09185380845266837,-1.005037815259212,1.0050378152592085,0.7227827971246201,0.34054691507790935
0.918032830800643,-0.9180328308006435,0.9180328308006432,0.09185380845266837,-1.005037815259212,1.0050378152592085,0.7199026913720703,0.33741597085619895
0.952675579132743,-0.9526755791327434,0.9526755791327435,0.09185380845266995,-1.005037815259212,1.0050378152592265,0.69137756951101,0.3337054200924788
0.9873183274648426,-0.9873183274648432,0.9873183274648432,0.09185380845266837,-1.005037815259212,1.0050378152592085,0.6492003741638828,0.31677171145828187
1.0219610757969426,-1.0219610757969428,1.0219610757969428,0.09185380845266995,-1.005037815259212,1.0050378152592085,0.6267519435407594,0.3058272133186376
1.0566038241290423,-1.0566038241290425,1.0566038241290425,0.09185380845266837,-1.005037815259212,1.0050378152592265,0.6038230962438641,0.3053875870822625
1.0912465724611422,-1.0912465724611422,1.091246572461142,0.09185380845266995,-1.005037815259212,1.0050378152592085,0.6202961414544882,0.31308798933253085
1.1258893207932419,-1.1258893207932419,1.1258893207932423,0.09185380845266837,-1.005037815259212,1.0050378152591903,0.6127615050989286,0.30218332636168177
1.1605320691253418,-1.160532069125342,1.160532069125342,0.09185380845266995,-1.005037815259212,1.0050378152592265,0.6126348478146117,0.29887009176777835
1.1951748174574408,-1.1951748174574417,1.1951748174574415,0.09185380845266682,-1.005037815259212,1.0050378152592085,0.5247741954749771,0.3027541133676105
1.229817565789541,-1.2298175657895414,1.2298175657895412,0.09185380845266995,-1.005037815259212,1.0050378152592085,0.4904591121042311,0.2948928348321778
1.2644603141216404,-1.264460314121641,1.2644603141216408,0.09185380845266837,-1.005037815259212,1.0050378152592085,0.4368653359413966,0.2978950704481077
1.2991030624537405,-1.299103062453741,1.299103062453741,0.09185380845266995,-1.005037815259212,1.0050378152592265,0.353978555501466,0.3125890060457329
1.33374581078584,-1.3337458107858406,1.3337458107858406,0.09185380845266837,-1.005037815259212,1.0050378152592085,0.345028657337601,0.3251215896235192
1.36838855911794,-1.3683885591179403,1.3683885591179403,0.09185380845266995,-1.005037815259212,1.0050378152592085,0.28926230806915026,0.33790204965533793
1.4030313074500396,-1.40303130745004,1.40303130745004,0.09185380845266837,-1.005037815259212,1.0050378152592085,0.27754884496754956,0.3481412299062593
1.4376740557821397,-1.43767405578214,1.4376740557821395,0.09185380845266995,-1.005037815259212,1.0050378152592265,0.2723853457104084,0.32731880379620887
1.4723168041142398,-1.4723168041142396,1.4723168041142398,0.09185380845266837,-1.005037815259212,1.0050378152591903,0.3104061508908376,0.331059905628147
1.5069595524463393,-1.5069595524463395,1.5069595524463395,0.09185380845266995,-1.005037815259212,1.0050378152592085,0.2864597195856385,0.3330912721914393
1.541602300778439,-1.541602300778439,1.5416023007784392,0.09185380845266837,-1.005037815259212,1.0050378152592265,0.2154311356368744,0.337570272949196
1.5762450491105384,-1.5762450491105389,1.5762450491105386,0.09185380845266837,-1.005037815259212,1.0050378152592085,0.2694877811794464,0.3294954132784474
1.6108877974426379,-1.6108877974426385,1.6108877974426383,0.09185380845266837,-1.005037815259212,1.0050378152592085,0.23752825985267464,0.3346224748588778
1.645530545774738,-1.6455305457747385,1.6455305457747387,0.09185380845266995,-1.005037815259212,1.0050378152592265,0.2523725008764037,0.31746137872475566
1.6801732941068375,-1.6801732941068381,1.6801732941068381,0.09185380845266837,-1.005037815259212,1.0050378152592085,0.2431975763706463,0.31929102756188726
1.7148160424389376,-1.7148160424389378,1.7148160424389378,0.09185380845266995,-1.005037815259212,1.0050378152592085,0.2652942881712191,0.315503374863151
-1.7148160424389376,-1.7148160424389378,1.7148160424389378,-10.908602293663375,4.735670708697134e-17,-5.951019323305292e-17,0.2530520914198144,0.30433804416297006
-1.6801732941068377,-1.6801732941068381,1.6801732941068381,0.0918538084526689,1.005037815259212,-1.0050378152592085,0.28619082693047704,0.29766316213706834
-1.645530545774738,-1.6455305457747385,1.6455305457747387,0.0918538084526689,1.005037815259212,-1.0050378152592085,0.2652428308787334,0.3123160381986779
-1.6108877974426385,-1.6108877974426385,1.6108877974426383,0.0918538084526689,1.005037815259212,-1.0050378152592265,0.24762726590838707,0.31229681068696996
-1.5762450491105386,-1.5762450491105389,1.5762450491105386,0.09185380845266908,1.005037815259212,-1.0050378152592085,0.2276254845458045,0.31456658543452976
-1.541602300778439,-1.541602300778439,1.5416023007784392,0.0918538084526689,1.005037815259212,-1.0050378152592085,0.28010351760979707,0.318472906715673
-1.506959552446339,-1.5069595524463395,1.5069595524463395,0.0918538084526689,1.005037815259212,-1.0050378152592265,0.23977879768744642,0.3145574067776258
-1.4723168041142392,-1.4723168041142396,1.4723168041142398,0.09185380845266908,1.005037815259212,-1.0050378152592085,0.18063510016429235,0.32084083886179043
-1.4376740557821397,-1.43767405578214,1.4376740557821395,0.0918538084526689,1.005037815259212,-1.0050378152591903,0.20169027119183336,0.3218821348662155
-1.40303130745004,-1.40303130745004,1.40303130745004,0.0918538084526689,1.005037815259212,-1.0050378152592265,0.22259401342231983,0.32782558940415246
-1.36838855911794,-1.3683885591179403,1.3683885591179403,0.0918538084526689,1.005037815259212,-1.0050378152592085,0.2470335768296549,0.3115622610805327
-1.3337458107858404,-1.3337458107858406,1.3337458107858406,0.0918538084526689,1.005037815259212,-1.0050378152592085,0.2358245325494848,0.29963047132045145
-1.2991030624537405,-1.299103062453741,1.299103062453741,0.0918538084526689,1.005037815259212,-1.0050378152592085,0.24397903001275706,0.3249379421462406
-1.264460314121641,-1.264460314121641,1.2644603141216408,0.09185380845266908,1.005037815259212,-1.0050378152592265,0.2564991665475439,0.3162411929257313
-1.229817565789541,-1.2298175657895414,1.2298175657895412,0.09185380845266908,1.005037815259212,-1.0050378152592085,0.22492464700122827,0.2929044734937744
-1.1951748174574415,-1.1951748174574417,1.1951748174574415,0.09185380845266873,1.005037815259212,-1.0050378152592085,0.26916189900612913,0.2921186835508407
-1.1605320691253413,-1.160532069125342,1.160532069125342,0.09185380845266908,1.005037815259212,-1.0050378152592085,0.22379329810770543,0.28296389162772934
-1.1258893207932419,-1.1258893207932419,1.1258893207932423,0.09185380845266908,1.005037815259212,-1.0050378152592265,0.2138449267520904,0.2714711798479645
-1.0912465724611422,-1.0912465724611422,1.091246572461142,0.09185380845266873,1.005037815259212,-1.0050378152591903,0.23916091306491513,0.28078031169215906
-1.0566038241290425,-1.0566038241290425,1.0566038241290425,0.09185380845266873,1.005037815259212,-1.0050378152592085,0.1792676838893273,0.28104713662900516
-1.0219610757969426,-1.0219610757969428,1.0219610757969428,0.09185380845266908,1.005037815259212,-1.0050378152592265,0.18533815294370565,0.27896771856115266
-0.9873183274648429,-0.9873183274648432,0.9873183274648432,0.09185380845266873,1.005037815259212,-1.0050378152592085,0.1766724121985716,0.28547326002574025
-0.9526755791327431,-0.9526755791327434,0.9526755791327435,0.09185380845266908,1.005037815259212,-1.0050378152592085,0.18245850719301498,0.2979170417911059
-0.9180328308006434,-0.9180328308006435,0.9180328308006432,0.09185380845266908,1.005037815259212,-1.0050378152592265,0.18363660522875114,0.3279468280526417
-0.8833900824685437,-0.8833900824685439,0.8833900824685437,0.09185380845266873,1.005037815259212,-1.0050378152592085,0.1262323592668272,0.34779051111056436
-0.8487473341364439,-0.8487473341364441,0.848747334136444,0.09185380845266908,1.005037815259212,-1.0050378152592085,0.06534058977238505,0.34720328415198853
-0.8141045858043441,-0.8141045858043442,0.8141045858043444,0.09185380845266908,1.005037815259212,-1.0050378152592085,0.10980709370282425,0.34556034197611846
-0.7794618374722443,-0.7794618374722444,0.7794618374722447,0.09185380845266908,1.005037815259212,-1.0050378152592085,0.08111141737936213,0.3563609218051073
-0.7448190891401445,-0.7448190891401446,0.7448190891401445,0.09185380845266908,1.005037815259212,-1.0050378152592265,0.053398266749375395,0.36317351723738106
-0.7101763408080449,-0.710176340808045,0.7101763408080449,0.09185380845266837,1.0050378152592057,-1.0050378152592085,0.028936348758609468,0.34746725609318574
-0.675533592475945,-0.6755335924759454,0.6755335924759452,0.09185380845266908,1.005037815259212,-1.0050378152592085,0.010938197228926982,0.35307602501952456
-0.6408908441438452,-0.6408908441438456,0.640890844143845,0.09185380845266908,1.005037815259212,-1.0050378152592174,-0.06789504453183928,0.3507107292911905
-0.6062480958117453,-0.6062480958117457,0.6062480958117453,0.09185380845266908,1.005037815259212,-1.0050378152592174,-0.004432191823204722,0.3362488239437446
-0.5716053474796455,-0.5716053474796459,0.5716053474796458,0.09185380845266908,1.005037815259212,-1.0050378152592085,-0.007340165322014749,0.3433364375730497
-0.5369625991475457,-0.5369625991475461,0.5369625991475461,0.09185380845266908,1.005037815259212,-1.0050378152592085,-0.03811462178356881,0.3244013195654215
-0.5023198508154464,-0.5023198508154465,0.5023198508154462,0.09185380845266837,1.0050378152592057,-1.0050378152592174,-0.07366580208271128,0.3227446005710478
-0.46767710248334665,-0.4676771024833467,0.4676771024833469,0.09185380845266908,1.005037815259212,-1.0050378152591994,-0.10992579595794524,0.31275142803614775
-0.43303435415124686,-0.4330343541512469,0.4330343541512469,0.09185380845266908,1.005037815259212,-1.0050378152592174,-0.1577621763644062,0.3126516113613886
-0.3983916058191473,-0.39839160581914734,0.3983916058191473,0.09185380845266837,1.0050378152592057,-1.0050378152592085,-0.22990598195895462,0.30582972976387696
-0.3637488574870475,-0.36374885748704755,0.36374885748704733,0.09185380845266908,1.005037815259212,-1.0050378152592174,-0.24688635006419513,0.27516552915768927
-0.3291061091549477,-0.32910610915494776,0.3291061091549477,0.09185380845266908,1.005037815259212,-1.0050378152592085,-0.2786299967894434,0.29098311365471935
-0.2944633608228479,-0.29446336082284796,0.2944633608228481,0.09185380845266908,1.005037815259212,-1.0050378152592174,-0.2716038769811741,0.28665855681441393
-0.25982061249074834,-0.2598206124907484,0.25982061249074845,0.09185380845266837,1.0050378152592057,-1.0050378152591994,-0.24478034184046926,0.30063770366623443
-0.22517786415864854,-0.22517786415864857,0.22517786415864882,0.09185380845266908,1.005037815259212,-1.0050378152592085,-0.2186709290973755,0.3210960532717184
-0.19053511582654875,-0.19053511582654878,0.1905351158265489,0.09185380845266908,1.005037815259212,-1.0050378152592174,-0.18871796356439252,0.3128277694055235
-0.15589236749444896,-0.15589236749444899,0.15589236749444896,0.09185380845266908,1.005037815259212,-1.0050378152592174,-0.1716653675731712,0.30236163428832485
-0.12124961916234916,-0.12124961916234918,0.12124961916234932,0.09185380845266908,1.005037815259212,-1.0050378152592085,-0.18273054366191196,0.30102483030373817
-0.08660687083024937,-0.08660687083024939,0.08660687083024969,0.09185380845266908,1.005037815259212,-1.0050378152592085,-0.1698307540926259,0.2832563433460489
-0.051964122498149815,-0.05196412249814982,0.05196412249814975,0.09185380845266837,1.0050378152592057,-1.0050378152592174,-0.21641157472355815,0.2793159720988726
-0.01732137416605002,-0.01732137416605002,0.017321374166049817,0.09185380845266908,1.005037815259212,-1.0050378152592174,-0.3064279083610942,0.2624998908642386
0.017321374166049775,0.01732137416604978,-0.017321374166049817,0.09185380845266908,1.005037815259212,-1.0050378152592085,-0.29972715276468354,0.2548882464939448
0.05196412249814957,0.05196412249814958,-0.05196412249814945,0.09185380845266908,1.005037815259212,-1.0050378152592085,-0.2686320274013545,0.24921079537245303
0.08660687083024937,0.08660687083024939,-0.08660687083024939,0.09185380845266908,1.005037815259212,-1.0050378152592174,-0.2100970551078702,0.25739370343993273
0.12124961916234916,0.12124961916234918,-0.12124961916234932,0.09185380845266908,1.005037815259212,-1.0050378152592174,-0.2733426834885617,0.2546122628064589
0.15589236749444896,0.15589236749444899,-0.15589236749444896,0.09185380845266908,1.005037815259212,-1.0050378152592085,-0.25664502876785283,0.24178793089386882
0.19053511582654875,0.19053511582654878,-0.19053511582654858,0.09185380845266908,1.005037815259212,-1.0050378152592085,-0.3285475057238425,0.22720068649325426
0.22517786415864854,0.22517786415864857,-0.2251778641586482,0.09185380845266908,1.005037815259212,-1.0050378152592174,-0.33326065273216826,0.23962545904888846
0.2598206124907481,0.2598206124907481,-0.25982061249074845,0.09185380845266837,1.0050378152592057,-1.0050378152592174,-0.3568240299128541,0.21202718620286762
0.29446336082284763,0.2944633608228477,-0.2944633608228478,0.09185380845266837,1.0050378152592057,-1.0050378152591994,-0.41611196553880686,0.23397008280354956
0.3291061091549475,0.3291061091549475,-0.3291061091549474,0.09185380845266908,1.005037815259212,-1.0050378152592085,-0.3953096024912913,0.23723416477801987
0.3637488574870475,0.36374885748704755,-0.36374885748704733,0.09185380845266908,1.005037815259212,-1.0050378152592174,-0.4473359058946253,0.23882228927280774
0.3983916058191473,0.39839160581914684,-0.39839160581914695,0.09185380845266908,1.005037815259212,-1.0050378152592085,-0.5240135312173523,0.24564066940366333
0.4330343541512471,0.43303435415124714,-0.4330343541512469,0.09185380845266908,1.005037815259212,-1.0050378152592174,-0.6174401352704477,0.2537327475744494
0.4676771024833464,0.46767710248334643,-0.46767710248334654,0.09185380845266837,1.0050378152592057,-1.0050378152592085,-0.6157486454778954,0.26090166240485285
0.5023198508154469,0.5023198508154469,-0.5023198508154465,0.09185380845266995,1.0050378152592248,-1.0050378152592174,-0.598680141483628,0.25054558292050433
0.536962599147546,0.5369625991475461,-0.5369625991475461,0.09185380845266837,1.0050378152592057,-1.0050378152592085,-0.6183648515588556,0.26460692024603705
0.5716053474796465,0.5716053474796466,-0.5716053474796458,0.09185380845266995,1.0050378152592248,-1.0050378152592174,-0.5949991531459095,0.2619891634934522
0.6062480958117455,0.6062480958117457,-0.6062480958117457,0.09185380845266837,1.0050378152592057,-1.0050378152592085,-0.5991818336806022,0.2565998154078115
0.6408908441438457,0.6408908441438457,-0.6408908441438457,0.09185380845266995,1.0050378152592248,-1.0050378152592174,-0.5781539610313101,0.2650890050882376
0.6755335924759451,0.6755335924759452,-0.6755335924759452,0.09185380845266837,1.0050378152592057,-1.0050378152592085,-0.5707600191958823,0.25707419899924633
0.7101763408080447,0.7101763408080448,-0.7101763408080451,0.09185380845266837,1.0050378152592057,-1.0050378152592174,-0.5377557082816679,0.25732629734239526
0.7448190891401443,0.7448190891401444,-0.7448190891401447,0.09185380845266837,1.0050378152592057,-1.0050378152591994,-0.5234838066503736,0.25053075897056476
0.7794618374722443,0.7794618374722444,-0.7794618374722444,0.09185380845266995,1.0050378152592248,-1.0050378152592125,-0.5366457823921772,0.24877967261451056
0.8141045858043439,0.814104585804344,-0.8141045858043441,0.09185380845266837,1.0050378152592057,-1.0050378152592125,-0.5282683140245585,0.25497761848475897
0.8487473341364439,0.848747334136444,-0.8487473341364439,0.09185380845266995,1.0050378152592248,-1.0050378152592125,-0.5102450263047544,0.25959310416233333
0.8833900824685434,0.8833900824685436,-0.8833900824685437,0.09185380845266837,1.0050378152592057,-1.0050378152592125,-0.5250352141941195,0.25477431540608414
0.918032830800643,0.9180328308006431,-0.9180328308006435,0.09185380845266837,1.0050378152592057,-1.0050378152592125,-0.5491155430257094,0.2661651349744699
0.952675579132743,0.9526755791327431,-0.9526755791327433,0.09185380845266995,1.0050378152592248,-1.0050378152592125,-0.5406928471511192,0.2787483421992293
0.9873183274648426,0.9873183274648427,-0.9873183274648428,0.09185380845266837,1.0050378152592057,-1.0050378152592125,-0.539290070530026,0.27100467880762164
1.0219610757969426,1.0219610757969428,-1.0219610757969426,0.09185380845266995,1.0050378152592248,-1.0050378152592125,-0.524104896975932,0.28542680752918
1.0566038241290423,1.0566038241290423,-1.0566038241290425,0.09185380845266837,1.0050378152592057,-1.0050378152592125,-0.5827884401360583,0.2770804151804752
1.0912465724611422,1.0912465724611424,-1.0912465724611424,0.09185380845266995,1.0050378152592248,-1.0050378152592125,-0.5975681791182336,0.28758935202229025
1.1258893207932419,1.1258893207932419,-1.125889320793242,0.09185380845266837,1.0050378152592057,-1.0050378152592125,-0.6619925638423859,0.3014151195022749
1.1605320691253418,1.160532069125342,-1.1605320691253418,0.09185380845266995,1.0050378152592248,-1.0050378152592125,-0.6302110162703671,0.2828826242246522
1.1951748174574408,1.195174817457441,-1.1951748174574413,0.09185380845266682,1.0050378152591928,-1.0050378152591994,-0.6083542598464644,0.2808156596725879
1.229817565789541,1.2298175657895412,-1.2298175657895412,0.09185380845266995,1.0050378152592248,-1.0050378152592174,-0.32926569000970796,0.2782034865662487
1.2644603141216404,1.2644603141216406,-1.2644603141216408,0.09185380845266837,1.0050378152592057,-1.0050378152592085,-0.31782828556693166,0.2849219199665133
1.2991030624537405,1.2991030624537407,-1.2991030624537407,0.09185380845266995,1.0050378152592248,-1.0050378152592174,-0.2958532296596187,0.29595170055521297
1.33374581078584,1.3337458107858402,-1.3337458107858404,0.09185380845266837,1.0050378152592057,-1.0050378152592085,-0.05149343341682167,0.2765505247637164
1.36838855911794,1.3683885591179403,-1.36838855911794,0.09185380845266995,1.0050378152592248,-1.0050378152592174,-0.12174290662374997,0.2721254439550844
1.4030313074500396,1.4030313074500398,-1.40303130745004,0.09185380845266837,1.0050378152592057,-1.0050378152592103,-0.019741993173698232,0.28152525934781836
1.4376740557821397,1.43767405578214,-1.43767405578214,0.09185380845266995,1.0050378152592248,-1.0050378152592125,-0.07961944358419579,0.28289240170394947
1.4723168041142398,1.4723168041142394,-1.4723168041142396,0.09185380845266837,1.0050378152592057,-1.0050378152592125,-0.01242261610387999,0.2834497397051255
1.5069595524463393,1.5069595524463395,-1.5069595524463395,0.09185380845266995,1.0050378152592248,-1.0050378152592125,0.04275436819590741,0.2720773090859554
1.541602300778439,1.541602300778439,-1.5416023007784392,0.09185380845266837,1.0050378152592057,-1.0050378152592125,0.26503661407992696,0.2762925615633187
1.5762450491105384,1.5762450491105382,-1.576245049110539,0.09185380845266837,1.0050378152592057,-1.0050378152592125,0.3167318593664323,0.27072357036685707
1.6108877974426379,1.610887797442638,-1.6108877974426383,0.09185380845266837,1.0050378152592057,-1.0050378152592012,0.44284970855545025,0.27668324691687984
1.645530545774738,1.6455305457747382,-1.645530545774738,0.09185380845266995,1.0050378152592248,-1.0050378152592125,0.4415588906641417,0.28877324257944825
1.6801732941068375,1.6801732941068377,-1.680173294106838,0.09185380845266837,1.0050378152592057,-1.0050378152592125,0.5013707117890918,0.28156935215803064
1.7148160424389376,1.7148160424389378,-1.7148160424389376,0.09185380845266995,1.0050378152592248,-1.0050378152592125,0.5831406372168045,0.27986705544579665
-1.7148160424389376,1.7148160424389378,-1.7148160424389376,-10.908602293663375,4.735670708697134e-17,-5.951019323305292e-17,0.6183859555179454,0.25465374021907694
-1.6801732941068377,1.6801732941068377,-1.680173294106838,0.0918538084526689,-1.0050378152592248,1.0050378152592125,0.7396743579748175,0.266631018708572
-1.645530545774738,1.6455305457747382,-1.645530545774738,0.0918538084526689,-1.0050378152592057,1.0050378152592125,0.7396743579748175,0.2774621353009849
-1.6108877974426385,1.610887797442638,-1.6108877974426383,0.0918538084526689,-1.0050378152592248,1.0050378152592125,0.8680137955853928,0.28039613656645523
-1.5762450491105386,1.5762450491105382,-1.576245049110539,0.09185380845266908,-1.0050378152592057,1.0050378152592012,0.8464691129971671,0.2799210050910998
-1.541602300778439,1.541602300778439,-1.5416023007784392,0.0918538084526689,-1.0050378152592057,1.0050378152592125,1.0239474810914377,0.2806234156905736
-1.506959552446339,1.5069595524463395,-1.5069595524463395,0.0918538084526689,-1.0050378152592057,1.0050378152592125,0.9888311655945347,0.28350862397032633
-1.4723168041142392,1.4723168041142394,-1.4723168041142396,0.09185380845266908,-1.0050378152592248,1.0050378152592125,0.9888311655945347,0.2990358075956306
-1.4376740557821397,1.43767405578214,-1.43767405578214,0.0918538084526689,-1.0050378152592057,1.0050378152592125,0.9888311655945347,0.2720091394677115
-1.40303130745004,1.4030313074500398,-1.40303130745004,0.0918538084526689,-1.0050378152592248,1.0050378152592125,0.9888311655945347,0.26804308498737534
-1.36838855911794,1.3683885591179403,-1.36838855911794,0.0918538084526689,-1.0050378152592057,1.0050378152592103,0.9888311655945347,0.25849397966315496
-1.3337458107858404,1.3337458107858402,-1.3337458107858404,0.0918538084526689,-1.0050378152592248,1.0050378152592174,0.9888311655945347,0.28489801162228334
-1.2991030624537405,1.2991030624537407,-1.2991030624537407,0.0918538084526689,-1.0050378152592057,1.0050378152592085,0.9888311655945347,0.28489801162228334
-1.264460314121641,1.2644603141216406,-1.2644603141216408,0.09185380845266908,-1.0050378152592248,1.0050378152592174,0.9888311655945347,0.28489801162228334
-1.229817565789541,1.2298175657895412,-1.2298175657895412,0.09185380845266908,-1.0050378152592057,1.0050378152592085,0.9888311655945347,0.5650419746787771
-1.1951748174574415,1.195174817457441,-1.1951748174574413,0.09185380845266873,-1.0050378152592248,1.0050378152592174,0.9888311655945347,0.5650419746787771
-1.1605320691253413,1.160532069125342,-1.1605320691253418,0.09185380845266908,-1.0050378152591928,1.0050378152591994,0.9888311655945347,0.5650419746787771
-1.1258893207932419,1.1258893207932419,-1.125889320793242,0.09185380845266908,-1.0050378152592248,1.0050378152592125,0.9975504048337739,0.5650419746787771
-1.0912465724611422,1.0912465724611424,-1.0912465724611424,0.09185380845266873,-1.0050378152592057,1.0050378152592125,0.9682912441738897,0.5650419746787771
-1.0566038241290425,1.0566038241290423,-1.0566038241290425,0.09185380845266873,-1.0050378152592248,1.0050378152592125,0.9890312737254479,0.5650419746787771
-1.0219610757969426,1.0219610757969428,-1.0219610757969426,0.09185380845266908,-1.0050378152592057,1.0050378152592125,0.9343970958353174,0.5650419746787771
-0.9873183274648429,0.9873183274648427,-0.9873183274648428,0.09185380845266873,-1.0050378152592248,1.0050378152592125,0.9117053497204811,0.5650419746787771
-0.9526755791327431,0.9526755791327431,-0.9526755791327433,0.09185380845266908,-1.0050378152592057,1.0050378152592125,0.9450427056063303,0.5650419746787771
-0.9180328308006434,0.9180328308006431,-0.9180328308006435,0.09185380845266908,-1.0050378152592248,1.0050378152592125,0.9030440544091367,0.5650419746787771
-0.8833900824685437,0.8833900824685436,-0.8833900824685437,0.09185380845266873,-1.0050378152592057,1.0050378152592125,0.9183909396094977,0.5650419746787771
-0.8487473341364439,0.848747334136444,-0.8487473341364439,0.09185380845266908,-1.0050378152592057,1.0050378152592125,0.8694595270424655,0.5744434919070434
-0.8141045858043441,0.814104585804344,-0.8141045858043441,0.09185380845266908,-1.0050378152592248,1.0050378152592125,0.7932271794652923,0.588391688561772
-0.7794618374722443,0.7794618374722444,-0.7794618374722444,0.09185380845266908,-1.0050378152592057,1.0050378152592125,0.8422185066764161,0.5924268444901716
-0.7448190891401445,0.7448190891401444,-0.7448190891401447,0.09185380845266908,-1.0050378152592248,1.0050378152592125,0.7805972725141466,0.618609728740089
-0.7101763408080449,0.7101763408080448,-0.7101763408080451,0.09185380845266837,-1.0050378152592057,1.0050378152591994,0.7451547015024351,0.6315149733393973
-0.675533592475945,0.6755335924759452,-0.6755335924759452,0.09185380845266908,-1.0050378152592057,1.0050378152592174,0.743044155949203,0.6567302377730234
-0.6408908441438452,0.6408908441438457,-0.6408908441438457,0.09185380845266908,-1.0050378152592057,1.0050378152592085,0.7687920308415515,0.6650555444677008
-0.6062480958117453,0.6062480958117457,-0.6062480958117457,0.09185380845266908,-1.0050378152592248,1.0050378152592174,0.7818896753143938,0.6581827238253933
-0.5716053474796455,0.5716053474796466,-0.5716053474796458,0.09185380845266908,-1.0050378152592057,1.0050378152592085,0.8438299846430385,0.6669498239428387
-0.5369625991475457,0.5369625991475461,-0.5369625991475461,0.09185380845266908,-1.0050378152592248,1.0050378152592174,0.8670585080467121,0.6660376349771582
-0.5023198508154464,0.5023198508154469,-0.5023198508154465,0.09185380845266837,-1.0050378152592057,1.0050378152592085,0.8136948678973236,0.6558559535405768
-0.46767710248334665,0.46767710248334643,-0.46767710248334654,0.09185380845266908,-1.0050378152592248,1.0050378152592174,0.7505029009669182,0.6433193358018258
-0.43303435415124686,0.43303435415124714,-0.4330343541512469,0.09185380845266908,-1.0050378152592057,1.0050378152592085,0.7327943169627048,0.6283652857129427
-0.3983916058191473,0.39839160581914684,-0.39839160581914695,0.09185380845266837,-1.005037815259212,1.0050378152592174,0.7219949123637358,0.6149059645501739
-0.3637488574870475,0.36374885748704755,-0.36374885748704733,0.09185380845266908,-1.005037815259212,1.0050378152592085,0.7261760526515298,0.6160158612699173
-0.3291061091549477,0.3291061091549475,-0.3291061091549474,0.09185380845266908,-1.005037815259212,1.0050378152592174,0.7042185075453978,0.5815695038436183
-0.2944633608228479,0.2944633608228477,-0.2944633608228478,0.09185380845266908,-1.005037815259212,1.0050378152592085,0.6972290942648316,0.5793141535027111
-0.25982061249074834,0.2598206124907481,-0.25982061249074845,0.09185380845266837,-1.0050378152592057,1.0050378152591994,0.6274180896947275,0.5611075853730989
-0.22517786415864854,0.22517786415864857,-0.2251778641586482,0.09185380845266908,-1.0050378152592057,1.0050378152592174,0.6364905823894307,0.5554383077597085
-0.19053511582654875,0.19053511582654878,-0.19053511582654858,0.09185380845266908,-1.005037815259212,1.0050378152592174,0.6888276886580029,0.560636815589627
-0.15589236749444896,0.15589236749444899,-0.15589236749444896,0.09185380845266908,-1.005037815259212,1.0050378152592085,0.6764603072172822,0.5604506698543557
-0.12124961916234916,0.12124961916234918,-0.12124961916234932,0.09185380845266908,-1.005037815259212,1.0050378152592085,0.6888187308902707,0.5552855846728644
-0.08660687083024937,0.08660687083024939,-0.08660687083024939,0.09185380845266908,-1.005037815259212,1.0050378152592174,0.7046633689616856,0.5610696661036538
-0.051964122498149815,0.05196412249814958,-0.05196412249814945,0.09185380845266837,-1.005037815259212,1.0050378152592174,0.7328062130508161,0.5625535478857744
-0.01732137416605002,0.01732137416604978,-0.017321374166049817,0.09185380845266908,-1.005037815259212,1.0050378152592085,0.7232078757004995,0.5650951908632512
0.017321374166049775,-0.01732137416605002,0.017321374166049817,0.09185380845266908,-1.005037815259212,1.0050378152592085,0.6992124921983437,0.5355937563246509
0.05196412249814957,-0.05196412249814982,0.05196412249814975,0.09185380845266908,-1.005037815259212,1.0050378152592174,0.6996685241635238,0.5123892959738792
0.08660687083024937,-0.08660687083024939,0.08660687083024969,0.09185380845266908,-1.0050378152592057,1.0050378152592174,0.7204182394244205,0.5165581697339012
0.12124961916234916,-0.12124961916234918,0.12124961916234932,0.09185380845266908,-1.005037815259212,1.0050378152592085,0.7303985052957149,0.522758113820042
0.15589236749444896,-0.15589236749444899,0.15589236749444896,0.09185380845266908,-1.005037815259212,1.0050378152592085,0.6592703477120925,0.5402109751630744
0.19053511582654875,-0.19053511582654878,0.1905351158265489,0.09185380845266908,-1.005037815259212,1.0050378152592174,0.6225718027714218,0.5642804562613101
0.22517786415864854,-0.22517786415864857,0.22517786415864882,0.09185380845266908,-1.005037815259212,1.0050378152592174,0.6617322323511696,0.5634311916345562
0.2598206124907481,-0.2598206124907484,0.25982061249074845,0.09185380845266837,-1.005037815259212,1.0050378152592085,0.6718753424868983,0.5575684750179504
0.29446336082284763,-0.29446336082284796,0.2944633608228481,0.09185380845266837,-1.0050378152592057,1.0050378152591994,0.614492239736815,0.5524414808545985
0.3291061091549475,-0.32910610915494776,0.3291061091549477,0.09185380845266908,-1.005037815259212,1.0050378152592174,0.5955070293904672,0.5503541573812407
0.3637488574870475,-0.36374885748704755,0.36374885748704733,0.09185380845266908,-1.005037815259212,1.0050378152592085,0.5928426267358965,0.5329620414101233
0.3983916058191473,-0.39839160581914734,0.3983916058191473,0.09185380845266908,-1.005037815259212,1.0050378152592174,0.5838077651743269,0.5240797415521528
0.4330343541512471,-0.4330343541512469,0.4330343541512469,0.09185380845266908,-1.0050378152592057,1.0050378152592085,0.5700870145825091,0.5332777733608841
0.4676771024833464,-0.4676771024833467,0.4676771024833469,0.09185380845266837,-1.005037815259212,1.0050378152592174,0.5166979990370556,0.546847273431486
0.5023198508154469,-0.5023198508154465,0.5023198508154462,0.09185380845266995,-1.005037815259212,1.0050378152591994,0.5145996345036441,0.5492205035780369
0.536962599147546,-0.5369625991475461,0.5369625991475461,0.09185380845266837,-1.0050378152592057,1.0050378152592174,0.48013517275359074,0.5537664311139344
0.5716053474796465,-0.5716053474796459,0.5716053474796458,0.09185380845266995,-1.005037815259212,1.0050378152592085,0.5030512976876809,0.5455075877109451
0.6062480958117455,-0.6062480958117457,0.6062480958117453,0.09185380845266837,-1.005037815259212,1.0050378152592085,0.5790373711944041,0.5352983846752344
0.6408908441438457,-0.6408908441438456,0.640890844143845,0.09185380845266995,-1.005037815259212,1.0050378152592174,0.576596561646087,0.5241172839089819
0.6755335924759451,-0.6755335924759454,0.6755335924759452,0.09185380845266837,-1.005037815259212,1.0050378152592174,0.5703179596530115,0.5245275865103831
0.7101763408080447,-0.710176340808045,0.7101763408080449,0.09185380845266837,-1.005037815259212,1.0050378152592085,0.5648136070845727,0.5214263185885742
0.7448190891401443,-0.7448190891401446,0.7448190891401445,0.09185380845266837,-1.0050378152592057,1.0050378152592085,0.4949124083589187,0.5362332169452584
0.7794618374722443,-0.7794618374722444,0.7794618374722447,0.09185380845266995,-1.005037815259212,1.0050378152592265,0.5339379043035938,0.5490556058629615
0.8141045858043439,-0.8141045858043442,0.8141045858043444,0.09185380845266837,-1.005037815259212,1.0050378152592085,0.5213493869720524,0.5246219119281702
0.8487473341364439,-0.8487473341364441,0.848747334136444,0.09185380845266995,-1.005037815259212,1.0050378152592085,0.5039882977872696,0.5206071985849492
0.8833900824685434,-0.8833900824685439,0.8833900824685437,0.09185380845266837,-1.005037815259212,1.0050378152592085,0.4536943069705667,0.5266183814671409
0.918032830800643,-0.9180328308006435,0.9180328308006432,0.09185380845266837,-1.005037815259212,1.0050378152592085,0.38869710713965344,0.5161198145882802
0.952675579132743,-0.9526755791327434,0.9526755791327435,0.09185380845266995,-1.005037815259212,1.0050378152592265,0.41462120175678013,0.5125817481520741
0.9873183274648426,-0.9873183274648432,0.9873183274648432,0.09185380845266837,-1.005037815259212,1.0050378152592085,0.4702289742829776,0.5315348046157468
1.0219610757969426,-1.0219610757969428,1.0219610757969428,0.09185380845266995,-1.005037815259212,1.0050378152592085,0.4385362877265096,0.546730594170297
1.0566038241290423,-1.0566038241290425,1.0566038241290425,0.09185380845266837,-1.005037815259212,1.0050378152592265,0.42967280139658137,0.545040799399727
1.0912465724611422,-1.0912465724611422,1.091246572461142,0.09185380845266995,-1.005037815259212,1.0050378152592085,0.37819030134723086,0.5447437580485093
1.1258893207932419,-1.1258893207932419,1.1258893207932423,0.09185380845266837,-1.005037815259212,1.0050378152591903,0.2804097106498197,0.5287434434116132
1.1605320691253418,-1.160532069125342,1.160532069125342,0.09185380845266995,-1.005037815259212,1.0050378152592265,0.24816262135435596,0.5304151346200338
1.1951748174574408,-1.1951748174574417,1.1951748174574415,0.09185380845266682,-1.005037815259212,1.0050378152592085,0.2870518354500959,0.537169552178257
1.229817565789541,-1.2298175657895414,1.2298175657895412,0.09185380845266995,-1.005037815259212,1.0050378152592085,0.2655193294840536,0.5134586543780623
1.2644603141216404,-1.264460314121641,1.2644603141216408,0.09185380845266837,-1.005037815259212,1.0050378152592085,0.21469547937569727,0.5120332888241679
1.2991030624537405,-1.299103062453741,1.299103062453741,0.09185380845266995,-1.005037815259212,1.0050378152592265,0.20367947284855126,0.49946426687276
1.33374581078584,-1.3337458107858406,1.3337458107858406,0.09185380845266837,-1.005037815259212,1.0050378152592085,0.18925799887167225,0.49708216865129967
1.36838855911794,-1.3683885591179403,1.3683885591179403,0.09185380845266995,-1.005037815259212,1.0050378152592085,0.08767954396346536,0.5009893685083106
1.4030313074500396,-1.40303130745004,1.40303130745004,0.09185380845266837,-1.005037815259212,1.0050378152592085,0.08474961019103969,0.48329866756095474
1.4376740557821397,-1.43767405578214,1.4376740557821395,0.09185380845266995,-1.005037815259212,1.0050378152592265,0.08353386355579237,0.486938376349573
1.4723168041142398,-1.4723168041142396,1.4723168041142398,0.09185380845266837,-1.005037815259212,1.0050378152591903,0.046565523930359,0.4919343337906697
1.5069595524463393,-1.5069595524463395,1.5069595524463395,0.09185380845266995,-1.005037815259212,1.0050378152592085,0.008701675377940192,0.48698903391443926
1.541602300778439,-1.541602300778439,1.5416023007784392,0.09185380845266837,-1.005037815259212,1.0050378152592265,0.01998319985679471,0.48918337223610037
1.5762450491105384,-1.5762450491105389,1.5762450491105386,0.09185380845266837,-1.005037815259212,1.0050378152592085,0.004748675042011323,0.4794310390275336
1.6108877974426379,-1.6108877974426385,1.6108877974426383,0.09185380845266837,-1.005037815259212,1.0050378152592085,0.023904553167527445,0.49460369902950857
1.645530545774738,-1.6455305457747385,1.6455305457747387,0.09185380845266995,-1.005037815259212,1.0050378152592265,-0.003795285730776261,0.4979091813770868
1.6801732941068375,-1.6801732941068381,1.6801732941068381,0.09185380845266837,-1.005037815259212,1.0050378152592085,-0.04328387849592426,0.5026413524777863
1.7148160424389376,-1.7148160424389378,1.7148160424389378,0.09185380845266995,-1.005037815259212,1.0050378152592085,-0.05850836630317861,0.5010858779431387
-1.7148160424389376,-1.7148160424389378,1.7148160424389378,-10.908602293663375,4.735670708697134e-17,-5.951019323305292e-17,-0.05817138900593071,0.49220803257917045
-1.6801732941068377,-1.6801732941068381,1.6801732941068381,0.0918538084526689,1.005037815259212,-1.0050378152592085,-0.005331479808342764,0.48844888998458846
-1.645530545774738,-1.6455305457747385,1.6455305457747387,0.0918538084526689,1.005037815259212,-1.0050378152592085,-0.03922525951045288,0.4965391995684407
-1.6108877974426385,-1.6108877974426385,1.6108877974426383,0.0918538084526689,1.005037815259212,-1.0050378152592265,-0.014926054585936587,0.50124656375729
-1.5762450491105386,-1.5762450491105389,1.5762450491105386,0.09185380845266908,1.005037815259212,-1.0050378152592085,0.039838430639702924,0.5140571299006608
-1.541602300778439,-1.541602300778439,1.5416023007784392,0.0918538084526689,1.005037815259212,-1.0050378152592085,0.035354754542864825,0.5178978854329435
-1.506959552446339,-1.5069595524463395,1.5069595524463395,0.0918538084526689,1.005037815259212,-1.0050378152592265,0.022750698459513777,0.52233076489802
-1.4723168041142392,-1.4723168041142396,1.4723168041142398,0.09185380845266908,1.005037815259212,-1.0050378152592085,0.01860889503037504,0.5346221625213193
-1.4376740557821397,-1.43767405578214,1.4376740557821395,0.0918538084526689,1.005037815259212,-1.0050378152591903,0.005203385671603756,0.5284767203129033
-1.40303130745004,-1.40303130745004,1.40303130745004,0.0918538084526689,1.005037815259212,-1.0050378152592265,0.010124846875819497,0.499587759383364
-1.36838855911794,-1.3683885591179403,1.3683885591179403,0.0918538084526689,1.005037815259212,-1.0050378152592085,0.08037960228660473,0.49923083761061
-1.3337458107858404,-1.3337458107858406,1.3337458107858406,0.0918538084526689,1.005037815259212,-1.0050378152592085,0.0542457351774177,0.48868847315599134
-1.2991030624537405,-1.299103062453741,1.299103062453741,0.0918538084526689,1.005037815259212,-1.0050378152592085,0.08924466592520704,0.48367904587586286
-1.264460314121641,-1.264460314121641,1.2644603141216408,0.09185380845266908,1.005037815259212,-1.0050378152592265,0.036262279026131015,0.5066100311484233
-1.229817565789541,-1.2298175657895414,1.2298175657895412,0.09185380845266908,1.005037815259212,-1.0050378152592085,0.05371829460756099,0.5081450574034392
-1.1951748174574415,-1.1951748174574417,1.1951748174574415,0.09185380845266873,1.005037815259212,-1.0050378152592085,-0.021600428863697084,0.5169169538955851
-1.1605320691253413,-1.160532069125342,1.160532069125342,0.09185380845266908,1.005037815259212,-1.0050378152592085,-0.00969732051875289,0.5179457413164337
-1.1258893207932419,-1.1258893207932419,1.1258893207932423,0.09185380845266908,1.005037815259212,-1.0050378152592265,0.0015895203252615138,0.5413968612606865
-1.0912465724611422,-1.0912465724611422,1.091246572461142,0.09185380845266873,1.005037815259212,-1.0050378152591903,0.02481375355166816,0.5546406402298303
-1.0566038241290425,-1.0566038241290425,1.0566038241290425,0.09185380845266873,1.005037815259212,-1.0050378152592085,0.05099972812765169,0.5476430032085369
-1.0219610757969426,-1.0219610757969428,1.0219610757969428,0.09185380845266908,1.005037815259212,-1.0050378152592265,-0.020644172627568437,0.5664969516614564
-0.9873183274648429,-0.9873183274648432,0.9873183274648432,0.09185380845266873,1.005037815259212,-1.0050378152592085,-0.011315423363492715,0.5577375241396503
-0.9526755791327431,-0.9526755791327434,0.9526755791327435,0.09185380845266908,1.005037815259212,-1.0050378152592085,0.0036242544278097103,0.5349920609972876
-0.9180328308006434,-0.9180328308006435,0.9180328308006432,0.09185380845266908,1.005037815259212,-1.0050378152592265,0.05772309816471788,0.5339341928765655
-0.8833900824685437,-0.8833900824685439,0.8833900824685437,0.09185380845266873,1.005037815259212,-1.0050378152592085,-0.009340478461919863,0.5359039380584232
-0.8487473341364439,-0.8487473341364441,0.848747334136444,0.09185380845266908,1.005037815259212,-1.0050378152592085,-0.039489365943133445,0.5282981340007711
-0.8141045858043441,-0.8141045858043442,0.8141045858043444,0.09185380845266908,1.005037815259212,-1.0050378152592085,-0.12742032709928794,0.5192825538438065
-0.7794618374722443,-0.7794618374722444,0.7794618374722447,0.09185380845266908,1.005037815259212,-1.0050378152592085,-0.0583294643727537,0.5077257093997835
-0.7448190891401445,-0.7448190891401446,0.7448190891401445,0.09185380845266908,1.005037815259212,-1.0050378152592265,-0.021538362772417944,0.5097835258604576
-0.7101763408080449,-0.710176340808045,0.7101763408080449,0.09185380845266837,1.0050378152592057,-1.0050378152592085,-0.03182792137735504,0.48943213846933903
-0.675533592475945,-0.6755335924759454,0.6755335924759452,0.09185380845266908,1.005037815259212,-1.0050378152592085,-0.09808564422998536,0.4914199987982066
-0.6408908441438452,-0.6408908441438456,0.640890844143845,0.09185380845266908,1.005037815259212,-1.0050378152592174,-0.13012700230255145,0.48829839397662095
-0.6062480958117453,-0.6062480958117457,0.6062480958117453,0.09185380845266908,1.005037815259212,-1.0050378152592174,-0.15920097575766956,0.49037597805742733
-0.5716053474796455,-0.5716053474796459,0.5716053474796458,0.09185380845266908,1.005037815259212,-1.0050378152592085,-0.15555003093178277,0.4976273137194353
-0.5369625991475457,-0.5369625991475461,0.5369625991475461,0.09185380845266908,1.005037815259212,-1.0050378152592085,-0.20280720326709492,0.46978943843337984
-0.5023198508154464,-0.5023198508154465,0.5023198508154462,0.09185380845266837,1.0050378152592057,-1.0050378152592174,-0.2508148197028742,0.45939232394140367
-0.46767710248334665,-0.4676771024833467,0.4676771024833469,0.09185380845266908,1.005037815259212,-1.0050378152591994,-0.23471764597039288,0.4518139079092214
-0.43303435415124686,-0.4330343541512469,0.4330343541512469,0.09185380845266908,1.005037815259212,-1.0050378152592174,-0.20950406510687794,0.44635503492621387
-0.3983916058191473,-0.39839160581914734,0.3983916058191473,0.09185380845266837,1.0050378152592057,-1.0050378152592085,-0.1682403469680217,0.4249490123918509
-0.3637488574870475,-0.36374885748704755,0.36374885748704733,0.09185380845266908,1.005037815259212,-1.0050378152592174,-0.17052349928600433,0.4247352574443774
-0.3291061091549477,-0.32910610915494776,0.3291061091549477,0.09185380845266908,1.005037815259212,-1.0050378152592085,-0.1751181794626277,0.4294099012078098
-0.2944633608228479,-0.29446336082284796,0.2944633608228481,0.09185380845266908,1.005037815259212,-1.0050378152592174,-0.1730950166237985,0.42782196036962966
-0.25982061249074834,-0.2598206124907484,0.25982061249074845,0.09185380845266837,1.0050378152592057,-1.0050378152591994,-0.19992847415909692,0.43360700265872437
-0.22517786415864854,-0.22517786415864857,0.22517786415864882,0.09185380845266908,1.005037815259212,-1.0050378152592085,-0.2181992509129704,0.44658307483032694
-0.19053511582654875,-0.19053511582654878,0.1905351158265489,0.09185380845266908,1.005037815259212,-1.0050378152592174,-0.2606291076478135,0.4624818660087518
-0.15589236749444896,-0.15589236749444899,0.15589236749444896,0.09185380845266908,1.005037815259212,-1.0050378152592174,-0.18363128359594202,0.47179439808894236
-0.12124961916234916,-0.12124961916234918,0.12124961916234932,0.09185380845266908,1.005037815259212,-1.0050378152592085,-0.23559962393114758,0.47641360118308446
-0.08660687083024937,-0.08660687083024939,0.08660687083024969,0.09185380845266908,1.005037815259212,-1.0050378152592085,-0.26106419661523167,0.4961079792059589
-0.051964122498149815,-0.05196412249814982,0.05196412249814975,0.09185380845266837,1.0050378152592057,-1.0050378152592174,-0.3103797406257453,0.4908745722665762
-0.01732137416605002,-0.01732137416605002,0.017321374166049817,0.09185380845266908,1.005037815259212,-1.0050378152592174,-0.27845277926511175,0.4765749101424242
0.017321374166049775,0.01732137416604978,-0.017321374166049817,0.09185380845266908,1.005037815259212,-1.0050378152592085,-0.267005099819861,0.459888486908231
0.05196412249814957,0.05196412249814958,-0.05196412249814945,0.09185380845266908,1.005037815259212,-1.0050378152592085,-0.24373576668199218,0.4566123884819157
0.08660687083024937,0.08660687083024939,-0.08660687083024939,0.09185380845266908,1.005037815259212,-1.0050378152592174,-0.28316946083888844,0.4536301856365638
0.12124961916234916,0.12124961916234918,-0.12124961916234932,0.09185380845266908,1.005037815259212,-1.0050378152592174,-0.3140441151601929,0.47258823691279955
0.15589236749444896,0.15589236749444899,-0.15589236749444896,0.09185380845266908,1.005037815259212,-1.0050378152592085,-0.3285393281577497,0.4635110738838953
0.19053511582654875,0.19053511582654878,-0.19053511582654858,0.09185380845266908,1.005037815259212,-1.0050378152592085,-0.31012655594801913,0.4942952878099398
0.22517786415864854,0.22517786415864857,-0.2251778641586482,0.09185380845266908,1.005037815259212,-1.0050378152592174,-0.3502631170207363,0.5158061430797507
0.2598206124907481,0.2598206124907481,-0.25982061249074845,0.09185380845266837,1.0050378152592057,-1.0050378152592174,-0.38711437372675456,0.5234509986671075
0.29446336082284763,0.2944633608228477,-0.2944633608228478,0.09185380845266837,1.0050378152592057,-1.0050378152591994,-0.4235173936214231,0.5111781243155507
0.3291061091549475,0.3291061091549475,-0.3291061091549474,0.09185380845266908,1.005037815259212,-1.0050378152592085,-0.4484090565581764,0.535732590231609
0.3637488574870475,0.36374885748704755,-0.36374885748704733,0.09185380845266908,1.005037815259212,-1.0050378152592174,-0.41024712122671925,0.551310659877174
0.3983916058191473,0.39839160581914684,-0.39839160581914695,0.09185380845266908,1.005037815259212,-1.0050378152592085,-0.37642146482955235,0.5448206390159236
0.4330343541512471,0.43303435415124714,-0.4330343541512469,0.09185380845266908,1.005037815259212,-1.0050378152592174,-0.38533366347919784,0.5517991467210951
0.4676771024833464,0.46767710248334643,-0.46767710248334654,0.09185380845266837,1.0050378152592057,-1.0050378152592085,-0.40864389601593376,0.553992452803285
0.5023198508154469,0.5023198508154469,-0.5023198508154465,0.09185380845266995,1.0050378152592248,-1.0050378152592174,-0.42070502188685466,0.5512754131132149
0.536962599147546,0.5369625991475461,-0.5369625991475461,0.09185380845266837,1.0050378152592057,-1.0050378152592085,-0.41422329884397024,0.5675445871463584
0.5716053474796465,0.5716053474796466,-0.5716053474796458,0.09185380845266995,1.0050378152592248,-1.0050378152592174,-0.4088268569573277,0.578278308343183
0.6062480958117455,0.6062480958117457,-0.6062480958117457,0.09185380845266837,1.0050378152592057,-1.0050378152592085,-0.4005536525723946,0.5680435960225194
0.6408908441438457,0.6408908441438457,-0.6408908441438457,0.09185380845266995,1.0050378152592248,-1.0050378152592174,-0.4310153176984306,0.5608173295603525
0.6755335924759451,0.6755335924759452,-0.6755335924759452,0.09185380845266837,1.0050378152592057,-1.0050378152592085,-0.42692264529457935,0.5515472631138735
0.7101763408080447,0.7101763408080448,-0.7101763408080451,0.09185380845266837,1.0050378152592057,-1.0050378152592174,-0.4714004525596524,0.5366342110621237
0.7448190891401443,0.7448190891401444,-0.7448190891401447,0.09185380845266837,1.0050378152592057,-1.0050378152591994,-0.44620099458242574,0.5493232460323721
0.7794618374722443,0.7794618374722444,-0.7794618374722444,0.09185380845266995,1.0050378152592248,-1.0050378152592125,-0.4732318382423161,0.5408196766909796
0.8141045858043439,0.814104585804344,-0.8141045858043441,0.09185380845266837,1.0050378152592057,-1.0050378152592125,-0.49947181434668,0.5342938080758924
0.8487473341364439,0.848747334136444,-0.8487473341364439,0.09185380845266995,1.0050378152592248,-1.0050378152592125,-0.42952476520948163,0.5483347189541042
0.8833900824685434,0.8833900824685436,-0.8833900824685437,0.09185380845266837,1.0050378152592057,-1.0050378152592125,-0.42508708841893267,0.5740499336103744
0.918032830800643,0.9180328308006431,-0.9180328308006435,0.09185380845266837,1.0050378152592057,-1.0050378152592125,-0.4468963817174114,0.5737087153028662
0.952675579132743,0.9526755791327431,-0.9526755791327433,0.09185380845266995,1.0050378152592248,-1.0050378152592125,-0.46399671014151267,0.5630373656469885
0.9873183274648426,0.9873183274648427,-0.9873183274648428,0.09185380845266837,1.0050378152592057,-1.0050378152592125,-0.510288719321726,0.5610502334629242
1.0219610757969426,1.0219610757969428,-1.0219610757969426,0.09185380845266995,1.0050378152592248,-1.0050378152592125,-0.4853134044185,0.5801192267998132
1.0566038241290423,1.0566038241290423,-1.0566038241290425,0.09185380845266837,1.0050378152592057,-1.0050378152592125,-0.4866349236674569,0.5900337588584036
1.0912465724611422,1.0912465724611424,-1.0912465724611424,0.09185380845266995,1.0050378152592248,-1.0050378152592125,-0.5118268731608555,0.5941305484552875
1.1258893207932419,1.1258893207932419,-1.125889320793242,0.09185380845266837,1.0050378152592057,-1.0050378152592125,-0.5118268731608555,0.5985909445586376
1.1605320691253418,1.160532069125342,-1.1605320691253418,0.09185380845266995,1.0050378152592248,-1.0050378152592125,-0.41949072817375166,0.6169192777024461
1.1951748174574408,1.195174817457441,-1.1951748174574413,0.09185380845266682,1.0050378152591928,-1.0050378152591994,-0.41949072817375166,0.6145174420968907
1.229817565789541,1.2298175657895412,-1.2298175657895412,0.09185380845266995,1.0050378152592248,-1.0050378152592174,-0.37317655221030804,0.5798769197734521
1.2644603141216404,1.2644603141216406,-1.2644603141216408,0.09185380845266837,1.0050378152592057,-1.0050378152592085,-0.38639076948715445,0.5696621039986738
1.2991030624537405,1.2991030624537407,-1.2991030624537407,0.09185380845266995,1.0050378152592248,-1.0050378152592174,-0.28207703527005074,0.5531258707700575
1.33374581078584,1.3337458107858402,-1.3337458107858404,0.09185380845266837,1.0050378152592057,-1.0050378152592085,-0.28758862085210146,0.5530295159308862
1.36838855911794,1.3683885591179403,-1.36838855911794,0.09185380845266995,1.0050378152592248,-1.0050378152592174,-0.12623917348298191,0.5384646782561038
1.4030313074500396,1.4030313074500398,-1.40303130745004,0.09185380845266837,1.0050378152592057,-1.0050378152592103,-0.008641208296857588,0.5410719333957318
1.4376740557821397,1.43767405578214,-1.43767405578214,0.09185380845266995,1.0050378152592248,-1.0050378152592125,0.01841048438997122,0.5356161707167085
1.4723168041142398,1.4723168041142394,-1.4723168041142396,0.09185380845266837,1.0050378152592057,-1.0050378152592125,-0.027754326804891847,0.5290766906144301
1.5069595524463393,1.5069595524463395,-1.5069595524463395,0.09185380845266995,1.0050378152592248,-1.0050378152592125,0.06856214889037501,0.5044363304043775
1.541602300778439,1.541602300778439,-1.5416023007784392,0.09185380845266837,1.0050378152592057,-1.0050378152592125,0.3447579241673299,0.5334270759387324
1.5762450491105384,1.5762450491105382,-1.576245049110539,0.09185380845266837,1.0050378152592057,-1.0050378152592125,0.31416293807208334,0.5281994714993201
1.6108877974426379,1.610887797442638,-1.6108877974426383,0.09185380845266837,1.0050378152592057,-1.0050378152592012,0.31416293807208334,0.5384827118738384
1.645530545774738,1.6455305457747382,-1.645530545774738,0.09185380845266995,1.0050378152592248,-1.0050378152592125,0.32862171465948364,0.5433317438131561
1.6801732941068375,1.6801732941068377,-1.680173294106838,0.09185380845266837,1.0050378152592057,-1.0050378152592125,0.4842347221527997,0.5385612684200244
1.7148160424389376,1.7148160424389378,-1.7148160424389376,0.09185380845266995,1.0050378152592248,-1.0050378152592125,0.630848652292001,0.5358224829867394
-1.7148160424389376,1.7148160424389378,-1.7148160424389376,-10.908602293663375,4.735670708697134e-17,-5.951019323305292e-17,0.8070372551343591,0.5386280703939453
-1.6801732941068377,1.6801732941068377,-1.680173294106838,0.0918538084526689,-1.0050378152592248,1.0050378152592125,0.8070372551343591,0.5384898837470126
-1.645530545774738,1.6455305457747382,-1.645530545774738,0.0918538084526689,-1.0050378152592057,1.0050378152592125,0.8070372551343591,0.5371523448359002
-1.6108877974426385,1.610887797442638,-1.6108877974426383,0.0918538084526689,-1.0050378152592248,1.0050378152592125,0.8721976218848563,0.5441145360354754
-1.5762450491105386,1.5762450491105382,-1.576245049110539,0.09185380845266908,-1.0050378152592057,1.0050378152592012,1.035471097336123,0.5083691823802055
-1.541602300778439,1.541602300778439,-1.5416023007784392,0.0918538084526689,-1.0050378152592057,1.0050378152592125,0.9759584015573063,0.48688347474364374
-1.506959552446339,1.5069595524463395,-1.5069595524463395,0.0918538084526689,-1.0050378152592057,1.0050378152592125,0.9759584015573063,0.4787068408187987
-1.4723168041142392,1.4723168041142394,-1.4723168041142396,0.09185380845266908,-1.0050378152592248,1.0050378152592125,0.9759584015573063,0.4872642848257724
-1.4376740557821397,1.43767405578214,-1.43767405578214,0.0918538084526689,-1.0050378152592057,1.0050378152592125,0.9759584015573063,0.49482991345963584
-1.40303130745004,1.4030313074500398,-1.40303130745004,0.0918538084526689,-1.0050378152592248,1.0050378152592125,0.9759584015573063,0.4975701703858433
-1.36838855911794,1.3683885591179403,-1.36838855911794,0.0918538084526689,-1.0050378152592057,1.0050378152592103,0.9759584015573063,0.490857899568262
-1.3337458107858404,1.3337458107858402,-1.3337458107858404,0.0918538084526689,-1.0050378152592248,1.0050378152592174,0.9759584015573063,0.4877170837806534
-1.2991030624537405,1.2991030624537407,-1.2991030624537407,0.0918538084526689,-1.0050378152592057,1.0050378152592085,0.9759584015573063,0.5003103140284454
-1.264460314121641,1.2644603141216406,-1.2644603141216408,0.09185380845266908,-1.0050378152592248,1.0050378152592174,0.9759584015573063,0.4985671201032119
-1.229817565789541,1.2298175657895412,-1.2298175657895412,0.09185380845266908,-1.0050378152592057,1.0050378152592085,0.9759584015573063,0.6480566313273621
-1.1951748174574415,1.195174817457441,-1.1951748174574413,0.09185380845266873,-1.0050378152592248,1.0050378152592174,0.9759584015573063,0.6480566313273621
-1.1605320691253413,1.160532069125342,-1.1605320691253418,0.09185380845266908,-1.0050378152591928,1.0050378152591994,0.9823082061406797,0.6480566313273621
-1.1258893207932419,1.1258893207932419,-1.125889320793242,0.09185380845266908,-1.0050378152592248,1.0050378152592125,0.910892599805234,0.6480566313273621
-1.0912465724611422,1.0912465724611424,-1.0912465724611424,0.09185380845266873,-1.0050378152592057,1.0050378152592125,0.9254097845977445,0.6480566313273621
-1.0566038241290425,1.0566038241290423,-1.0566038241290425,0.09185380845266873,-1.0050378152592248,1.0050378152592125,0.8520106049282694,0.6480566313273621
-1.0219610757969426,1.0219610757969428,-1.0219610757969426,0.09185380845266908,-1.0050378152592057,1.0050378152592125,0.8283016194854017,0.6480566313273621
-0.9873183274648429,0.9873183274648427,-0.9873183274648428,0.09185380845266873,-1.0050378152592248,1.0050378152592125,0.8484346056586621,0.6480566313273621
-0.9526755791327431,0.9526755791327431,-0.9526755791327433,0.09185380845266908,-1.0050378152592057,1.0050378152592125,0.8131027880846138,0.6480566313273621
-0.9180328308006434,0.9180328308006431,-0.9180328308006435,0.09185380845266908,-1.0050378152592248,1.0050378152592125,0.8244225580503406,0.6480566313273621
-0.8833900824685437,0.8833900824685436,-0.8833900824685437,0.09185380845266873,-1.0050378152592057,1.0050378152592125,0.7214877788518407,0.6480566313273621
-0.8487473341364439,0.848747334136444,-0.8487473341364439,0.09185380845266908,-1.0050378152592057,1.0050378152592125,0.7056936338230027,0.6381488703527154
-0.8141045858043441,0.814104585804344,-0.8141045858043441,0.09185380845266908,-1.0050378152592248,1.0050378152592125,0.7701074954701307,0.6395814471171172
-0.7794618374722443,0.7794618374722444,-0.7794618374722444,0.09185380845266908,-1.0050378152592057,1.0050378152592125,0.7796652912522338,0.6097275582314592
-0.7448190891401445,0.7448190891401444,-0.7448190891401447,0.09185380845266908,-1.0050378152592248,1.0050378152592125,0.7560596629071772,0.6156065074605181
-0.7101763408080449,0.7101763408080448,-0.7101763408080451,0.09185380845266837,-1.0050378152592057,1.0050378152591994,0.7796478874449897,0.6311668449259688
-0.675533592475945,0.6755335924759452,-0.6755335924759452,0.09185380845266908,-1.0050378152592057,1.0050378152592174,0.7743513827256935,0.6271433415663095
-0.6408908441438452,0.6408908441438457,-0.6408908441438457,0.09185380845266908,-1.0050378152592057,1.0050378152592085,0.7500359032991094,0.6516914184460373
-0.6062480958117453,0.6062480958117457,-0.6062480958117457,0.09185380845266908,-1.0050378152592248,1.0050378152592174,0.7564225077577578,0.6416396941995285
-0.5716053474796455,0.5716053474796466,-0.5716053474796458,0.09185380845266908,-1.0050378152592057,1.0050378152592085,0.7158920000405603,0.6365154944793063
-0.5369625991475457,0.5369625991475461,-0.5369625991475461,0.09185380845266908,-1.0050378152592248,1.0050378152592174,0.7234117514492386,0.6391465380004476
-0.5023198508154464,0.5023198508154469,-0.5023198508154465,0.09185380845266837,-1.0050378152592057,1.0050378152592085,0.7171112859788644,0.6321633735892364
-0.46767710248334665,0.46767710248334643,-0.46767710248334654,0.09185380845266908,-1.0050378152592248,1.0050378152592174,0.7087538549901993,0.632909044365341
-0.43303435415124686,0.43303435415124714,-0.4330343541512469,0.09185380845266908,-1.0050378152592057,1.0050378152592085,0.6757140709056783,0.6313891068967522
-0.3983916058191473,0.39839160581914684,-0.39839160581914695,0.09185380845266837,-1.005037815259212,1.0050378152592174,0.67385993823026,0.6493257532134001
-0.3637488574870475,0.36374885748704755,-0.36374885748704733,0.09185380845266908,-1.005037815259212,1.0050378152592085,0.6328405649437828,0.6447722710904076
-0.3291061091549477,0.3291061091549475,-0.3291061091549474,0.09185380845266908,-1.005037815259212,1.0050378152592174,0.5643906502182299,0.6333116675759529
-0.2944633608228479,0.2944633608228477,-0.2944633608228478,0.09185380845266908,-1.005037815259212,1.0050378152592085,0.5586167350459166,0.6267407219139312
-0.25982061249074834,0.2598206124907481,-0.25982061249074845,0.09185380845266837,-1.0050378152592057,1.0050378152591994,0.5872727815448926,0.614031771078927
-0.22517786415864854,0.22517786415864857,-0.2251778641586482,0.09185380845266908,-1.0050378152592057,1.0050378152592174,0.5233120848315511,0.6233469057036598
-0.19053511582654875,0.19053511582654878,-0.19053511582654858,0.09185380845266908,-1.005037815259212,1.0050378152592174,0.4969420872180854,0.6366050528722182
-0.15589236749444896,0.15589236749444899,-0.15589236749444896,0.09185380845266908,-1.005037815259212,1.0050378152592085,0.494368191741077,0.6326363697408873
-0.12124961916234916,0.12124961916234918,-0.12124961916234932,0.09185380845266908,-1.005037815259212,1.0050378152592085,0.4729577704160196,0.637213050499758
-0.08660687083024937,0.08660687083024939,-0.08660687083024939,0.09185380845266908,-1.005037815259212,1.0050378152592174,0.5030137034950034,0.6063016099333368
-0.051964122498149815,0.05196412249814958,-0.05196412249814945,0.09185380845266837,-1.005037815259212,1.0050378152592174,0.4827375276444182,0.6216669698824565
-0.01732137416605002,0.01732137416604978,-0.017321374166049817,0.09185380845266908,-1.005037815259212,1.0050378152592085,0.4439442020711432,0.6174923359520548
0.017321374166049775,-0.01732137416605002,0.017321374166049817,0.09185380845266908,-1.005037815259212,1.0050378152592085,0.4286802375579176,0.6106414369334893
0.05196412249814957,-0.05196412249814982,0.05196412249814975,0.09185380845266908,-1.005037815259212,1.0050378152592174,0.4090319425055132,0.6029021147987047
0.08660687083024937,-0.08660687083024939,0.08660687083024969,0.09185380845266908,-1.0050378152592057,1.0050378152592174,0.41253332272219023,0.6020055764458975
0.12124961916234916,-0.12124961916234918,0.12124961916234932,0.09185380845266908,-1.005037815259212,1.0050378152592085,0.3990800015161248,0.602124916016588
0.15589236749444896,-0.15589236749444899,0.15589236749444896,0.09185380845266908,-1.005037815259212,1.0050378152592085,0.41652896906524123,0.600734627144305
0.19053511582654875,-0.19053511582654878,0.1905351158265489,0.09185380845266908,-1.005037815259212,1.0050378152592174,0.3974746834835934,0.6052517829220345
0.22517786415864854,-0.22517786415864857,0.22517786415864882,0.09185380845266908,-1.005037815259212,1.0050378152592174,0.3911168834043406,0.6219715403678759
0.2598206124907481,-0.2598206124907484,0.25982061249074845,0.09185380845266837,-1.005037815259212,1.0050378152592085,0.38719657165437266,0.6261392349712147
0.29446336082284763,-0.29446336082284796,0.2944633608228481,0.09185380845266837,-1.0050378152592057,1.0050378152591994,0.3709584220663817,0.6129674579730439
0.3291061091549475,-0.32910610915494776,0.3291061091549477,0.09185380845266908,-1.005037815259212,1.0050378152592174,0.4110881334590214,0.6055058735413537
0.3637488574870475,-0.36374885748704755,0.36374885748704733,0.09185380845266908,-1.005037815259212,1.0050378152592085,0.44798481739483215,0.6132160995462943
0.3983916058191473,-0.39839160581914734,0.3983916058191473,0.09185380845266908,-1.005037815259212,1.0050378152592174,0.48678429450267424,0.6100719596674492
0.4330343541512471,-0.4330343541512469,0.4330343541512469,0.09185380845266908,-1.0050378152592057,1.0050378152592085,0.49469895281477083,0.594741679915508
0.4676771024833464,-0.4676771024833467,0.4676771024833469,0.09185380845266837,-1.005037815259212,1.0050378152592174,0.444654893206027,0.5772709858961744
0.5023198508154469,-0.5023198508154465,0.5023198508154462,0.09185380845266995,-1.005037815259212,1.0050378152591994,0.43667260363157345,0.5722690789972269
0.536962599147546,-0.5369625991475461,0.5369625991475461,0.09185380845266837,-1.0050378152592057,1.0050378152592174,0.45693168652185784,0.5562972108213492
0.5716053474796465,-0.5716053474796459,0.5716053474796458,0.09185380845266995,-1.005037815259212,1.0050378152592085,0.42130061347143377,0.5720143121745367
0.6062480958117455,-0.6062480958117457,0.6062480958117453,0.09185380845266837,-1.005037815259212,1.0050378152592085,0.42679617186802304,0.5701771727520261
0.6408908441438457,-0.6408908441438456,0.640890844143845,0.09185380845266995,-1.005037815259212,1.0050378152592174,0.4587971261920224,0.5635109530069072
0.6755335924759451,-0.6755335924759454,0.6755335924759452,0.09185380845266837,-1.005037815259212,1.0050378152592174,0.43250847878015675,0.5561220583758686
0.7101763408080447,-0.710176340808045,0.7101763408080449,0.09185380845266837,-1.005037815259212,1.0050378152592085,0.46048509003720417,0.541004129747423
0.7448190891401443,-0.7448190891401446,0.7448190891401445,0.09185380845266837,-1.0050378152592057,1.0050378152592085,0.47532046359232705,0.5307471854835989
0.7794618374722443,-0.7794618374722444,0.7794618374722447,0.09185380845266995,-1.005037815259212,1.0050378152592265,0.4444959972297976,0.5336675242164316
0.8141045858043439,-0.8141045858043442,0.8141045858043444,0.09185380845266837,-1.005037815259212,1.0050378152592085,0.4579920046867972,0.5290883287789927
0.8487473341364439,-0.8487473341364441,0.848747334136444,0.09185380845266995,-1.005037815259212,1.0050378152592085,0.4603037906344385,0.5238221997828026
0.8833900824685434,-0.8833900824685439,0.8833900824685437,0.09185380845266837,-1.005037815259212,1.0050378152592085,0.43891179258246893,0.535477654479542
0.918032830800643,-0.9180328308006435,0.9180328308006432,0.09185380845266837,-1.005037815259212,1.0050378152592085,0.40431096543065603,0.5208911599114519
0.952675579132743,-0.9526755791327434,0.9526755791327435,0.09185380845266995,-1.005037815259212,1.0050378152592265,0.3840455486630642,0.5038934937711204
0.9873183274648426,-0.9873183274648432,0.9873183274648432,0.09185380845266837,-1.005037815259212,1.0050378152592085,0.43254433039248036,0.5282143990726886
1.0219610757969426,-1.0219610757969428,1.0219610757969428,0.09185380845266995,-1.005037815259212,1.0050378152592085,0.4393888456581013,0.5162203463802667
1.0566038241290423,-1.0566038241290425,1.0566038241290425,0.09185380845266837,-1.005037815259212,1.0050378152592265,0.386544506584628,0.5010806379425576
1.0912465724611422,-1.0912465724611422,1.091246572461142,0.09185380845266995,-1.005037815259212,1.0050378152592085,0.29006063881582017,0.4964579419385181
1.1258893207932419,-1.1258893207932419,1.1258893207932423,0.09185380845266837,-1.005037815259212,1.0050378152591903,0.3270126036821082,0.48659147592054414
1.1605320691253418,-1.160532069125342,1.160532069125342,0.09185380845266995,-1.005037815259212,1.0050378152592265,0.27694456729858213,0.49053773646396026
1.1951748174574408,-1.1951748174574417,1.1951748174574415,0.09185380845266682,-1.005037815259212,1.0050378152592085,0.28374909283149574,0.4764392308843369
1.229817565789541,-1.2298175657895414,1.2298175657895412,0.09185380845266995,-1.005037815259212,1.0050378152592085,0.32526990455010185,0.4649009629679097
1.2644603141216404,-1.264460314121641,1.2644603141216408,0.09185380845266837,-1.005037815259212,1.0050378152592085,0.3232489753321865,0.4479773815136238
1.2991030624537405,-1.299103062453741,1.299103062453741,0.09185380845266995,-1.005037815259212,1.0050378152592265,0.31555576771375304,0.4380196099957902
1.33374581078584,-1.3337458107858406,1.3337458107858406,0.09185380845266837,-1.005037815259212,1.0050378152592085,0.3375052254495109,0.4363122085138162
1.36838855911794,-1.3683885591179403,1.3683885591179403,0.09185380845266995,-1.005037815259212,1.0050378152592085,0.31430928053144386,0.4470188344163967
1.4030313074500396,-1.40303130745004,1.40303130745004,0.09185380845266837,-1.005037815259212,1.0050378152592085,0.27853008086438824,0.4384715473061748
1.4376740557821397,-1.43767405578214,1.4376740557821395,0.09185380845266995,-1.005037815259212,1.0050378152592265,0.2516350671427996,0.4577530130171115
1.4723168041142398,-1.4723168041142396,1.4723168041142398,0.09185380845266837,-1.005037815259212,1.0050378152591903,0.2656848147505863,0.45239573043971004
1.5069595524463393,-1.5069595524463395,1.5069595524463395,0.09185380845266995,-1.005037815259212,1.0050378152592085,0.27256118443745664,0.4459150106832217
1.541602300778439,-1.541602300778439,1.5416023007784392,0.09185380845266837,-1.005037815259212,1.0050378152592265,0.3230036286204036,0.4489419783405407
1.5762450491105384,-1.5762450491105389,1.5762450491105386,0.09185380845266837,-1.005037815259212,1.0050378152592085,0.29017208054638416,0.4524926664277809
1.6108877974426379,-1.6108877974426385,1.6108877974426383,0.09185380845266837,-1.005037815259212,1.0050378152592085,0.2547524452841742,0.45169539569507006
1.645530545774738,-1.6455305457747385,1.6455305457747387,0.09185380845266995,-1.005037815259212,1.0050378152592265,0.2350431105281625,0.46454302291697114
1.6801732941068375,-1.6801732941068381,1.6801732941068381,0.09185380845266837,-1.005037815259212,1.0050378152592085,0.2569975000843738,0.4807262237978065
1.7148160424389376,-1.7148160424389378,1.7148160424389378,0.09185380845266995,-1.005037815259212,1.0050378152592085,0.22403396992516011,0.48867833601550864
