theta,phi,z,dtheta,dphi,dz,ecg,eda
0.0,0.0,11.0,0.0,0.0,0.0,-0.0005000948269212295,-0.0006791890405434842
0.06283185307179587,0.015707963267948967,10.9,0.06283185307179587,0.015707963267948967,-0.09999999999999964,0.00017874190571564016,-0.00014643617929380824
0.12566370614359174,0.031415926535897934,10.8,0.06283185307179587,0.015707963267948967,-0.09999999999999964,-0.0006980665189928256,-0.0009504587519142514
0.18849555921538758,0.047123889803846894,10.7,0.06283185307179584,0.01570796326794896,-0.10000000000000142,0.0004379723596404971,-0.00045985130399302845
0.25132741228718347,0.06283185307179587,10.6,0.0628318530717959,0.015707963267948974,-0.09999999999999964,0.00035567931090051564,0.0009948188571290845
0.3141592653589793,0.07853981633974483,10.5,0.06283185307179584,0.01570796326794896,-0.09999999999999964,0.025707309976391063,7.89530740318096e-05
0.37699111843077515,0.09424777960769379,10.399999999999999,0.06283185307179584,0.01570796326794896,-0.10000000000000142,0.029589033894914993,0.002195927262575547
0.4398229715025711,0.10995574287564278,10.299999999999999,0.06283185307179595,0.015707963267948988,-0.09999999999999964,0.024883199751522277,-0.0007119685432276774
0.5026548245743669,0.12566370614359174,10.200000000000001,0.06283185307179584,0.01570796326794896,-0.09999999999999787,0.024883199751522277,-0.0022396895611234004
0.5654866776461628,0.1413716694115407,10.1,0.06283185307179584,0.01570796326794896,-0.10000000000000142,0.048329610760257505,0.0002431527298758967
0.6283185307179586,0.15707963267948966,10.0,0.06283185307179584,0.01570796326794896,-0.09999999999999964,0.048329610760257505,0.0005253222561181337
0.6911503837897545,0.17278759594743862,9.9,0.06283185307179584,0.01570796326794896,-0.09999999999999964,0.048329610760257505,-0.0004677082089932862
0.7539822368615503,0.18849555921538758,9.8,0.06283185307179584,0.01570796326794896,-0.09999999999999964,0.04183249093681071,-0.0009960235487860417
0.8168140899333463,0.20420352248333656,9.7,0.06283185307179595,0.015707963267948988,-0.10000000000000142,0.04183249093681071,-0.001641563145407766
0.8796459430051422,0.21991148575128555,9.6,0.06283185307179595,0.015707963267948988,-0.09999999999999964,0.04183249093681071,-0.0020744444891006492
0.9424777960769379,0.23561944901923448,9.5,0.06283185307179573,0.015707963267948932,-0.09999999999999964,0.04183249093681071,0.0
1.0053096491487339,0.25132741228718347,9.4,0.06283185307179595,0.015707963267948988,-0.09999999999999964,0.04183249093681071,0.0
1.0681415022205298,0.26703537555513246,9.299999999999999,0.06283185307179595,0.015707963267948988,-0.10000000000000142,0.04183249093681071,0.0
1.1309733552923256,0.2827433388230814,9.200000000000001,0.06283185307179573,0.015707963267948932,-0.09999999999999787,0.03314653712582894,0.0
1.1938052083641213,0.2984513020910303,9.100000000000001,0.06283185307179573,0.015707963267948932,-0.09999999999999964,0.02625544132251396,0.0
1.2566370614359172,0.3141592653589793,9.0,0.06283185307179595,0.015707963267948988,-0.10000000000000142,0.02625544132251396,0.0
1.319468914507713,0.32986722862692824,8.9,0.06283185307179573,0.015707963267948932,-0.09999999999999964,0.02625544132251396,0.0
1.382300767579509,0.34557519189487723,8.8,0.06283185307179595,0.015707963267948988,-0.09999999999999964,0.02625544132251396,0.0
1.4451326206513049,0.3612831551628262,8.7,0.06283185307179595,0.015707963267948988,-0.10000000000000142,0.024167851307482023,0.0
1.5079644737231006,0.37699111843077515,8.6,0.06283185307179573,0.015707963267948932,-0.09999999999999964,0.03601935617501374,0.0
1.5707963267948966,0.39269908169872414,8.5,0.06283185307179595,0.015707963267948988,-0.09999999999999964,0.0396240525507628,0.0
1.6336281798666925,0.4084070449666731,8.4,0.06283185307179595,0.015707963267948988,-0.09999999999999964,0.0396240525507628,0.0
1.6964600329384885,0.4241150082346221,8.3,0.06283185307179595,0.015707963267948988,-0.09999999999999964,0.03208001802985785,0.0
1.7592918860102844,0.4398229715025711,8.2,0.06283185307179595,0.015707963267948988,-0.10000000000000142,0.030662704467737972,0.0
1.82212373908208,0.45553093477052,8.1,0.06283185307179551,0.015707963267948877,-0.09999999999999964,0.05151108284188473,0.0
1.8849555921538759,0.47123889803846897,8.0,0.06283185307179595,0.015707963267948988,-0.09999999999999964,0.05151108284188473,0.0
1.9477874452256718,0.48694686130641796,7.8999999999999995,0.06283185307179595,0.015707963267948988,-0.10000000000000053,0.05151108284188473,0.0
2.0106192982974678,0.5026548245743669,7.799999999999999,0.06283185307179595,0.015707963267948988,-0.10000000000000053,0.05151108284188473,0.0
2.0734511513692637,0.5183627878423159,7.699999999999999,0.06283185307179595,0.015707963267948988,-0.09999999999999964,0.048068307253831995,0.0
2.1362830044410597,0.5340707511102649,7.6,0.06283185307179595,0.015707963267948988,-0.09999999999999964,0.04100868470931682,0.0
2.199114857512855,0.5497787143782138,7.499999999999999,0.06283185307179551,0.015707963267948877,-0.10000000000000053,0.041286670287871224,0.0
2.261946710584651,0.5654866776461628,7.4,0.06283185307179595,0.015707963267948988,-0.09999999999999876,0.04446526620952938,0.0
2.324778563656447,0.5811946409141118,7.3,0.06283185307179595,0.015707963267948988,-0.10000000000000053,0.04644601459738057,0.0
2.3876104167282426,0.5969026041820606,7.2,0.06283185307179551,0.015707963267948877,-0.09999999999999964,0.0759609049381383,0.0
2.4504422698000385,0.6126105674500096,7.1,0.06283185307179595,0.015707963267948988,-0.10000000000000053,0.0759609049381383,0.0
2.5132741228718345,0.6283185307179586,7.0,0.06283185307179595,0.015707963267948988,-0.09999999999999964,0.0759609049381383,0.0
2.5761059759436304,0.6440264939859076,6.8999999999999995,0.06283185307179595,0.015707963267948988,-0.10000000000000053,0.0759609049381383,0.0
2.638937829015426,0.6597344572538565,6.800000000000001,0.06283185307179551,0.015707963267948877,-0.09999999999999876,0.0759609049381383,0.0
2.701769682087222,0.6754424205218055,6.700000000000001,0.06283185307179595,0.015707963267948988,-0.09999999999999964,0.0759609049381383,0.0
2.764601535159018,0.6911503837897545,6.6000000000000005,0.06283185307179595,0.015707963267948988,-0.10000000000000053,0.0759609049381383,0.0
2.827433388230814,0.7068583470577035,6.5,0.06283185307179595,0.015707963267948988,-0.10000000000000053,0.08005281619205164,0.0
2.8902652413026098,0.7225663103256524,6.4,0.06283185307179595,0.015707963267948988,-0.09999999999999964,0.08005281619205164,0.0
2.9530970943744057,0.7382742735936014,6.300000000000001,0.06283185307179595,0.015707963267948988,-0.09999999999999964,0.07948588835471249,0.0
3.015928947446201,0.7539822368615503,6.2,0.06283185307179551,0.015707963267948877,-0.10000000000000053,0.09135856022358706,0.0
3.078760800517997,0.7696902001294993,6.1,0.06283185307179595,0.015707963267948988,-0.10000000000000053,0.10145867683595655,0.0
3.141592653589793,0.7853981633974483,6.0,0.06283185307179595,0.015707963267948988,-0.09999999999999964,0.09253207188258966,0.0
3.204424506661589,0.8011061266653973,5.9,0.06283185307179595,0.015707963267948988,-0.09999999999999964,0.1101161761679631,0.0
3.267256359733385,0.8168140899333463,5.8,0.06283185307179595,0.015707963267948988,-0.10000000000000053,0.1101161761679631,0.0
3.330088212805181,0.8325220532012952,5.699999999999999,0.06283185307179595,0.015707963267948988,-0.10000000000000053,0.12042443454705928,0.0
3.392920065876977,0.8482300164692442,5.6,0.06283185307179595,0.015707963267948988,-0.09999999999999964,0.12042443454705928,0.20370625141768633
3.455751918948773,0.8639379797371932,5.5,0.06283185307179595,0.015707963267948988,-0.09999999999999964,0.12042443454705928,0.20370625141768633
3.518583772020569,0.8796459430051422,5.3999999999999995,0.06283185307179595,0.015707963267948988,-0.10000000000000053,0.11104225563038096,0.20370625141768633
3.5814156250923643,0.8953539062730911,5.299999999999999,0.06283185307179551,0.015707963267948877,-0.10000000000000053,0.1412230976673717,0.20370625141768633
3.64424747816416,0.91106186954104,5.2,0.06283185307179551,0.015707963267948877,-0.09999999999999876,0.13651174085972917,0.20370625141768633
3.707079331235956,0.926769832808989,5.1000000000000005,0.06283185307179595,0.015707963267948988,-0.09999999999999964,0.13009698548602303,0.20370625141768633
3.7699111843077517,0.9424777960769379,5.0,0.06283185307179595,0.015707963267948988,-0.10000000000000053,0.17828379837494446,0.20370625141768633
3.8327430373795477,0.9581857593448869,4.9,0.06283185307179595,0.015707963267948988,-0.09999999999999964,0.17828379837494446,0.20370625141768633
3.8955748904513436,0.9738937226128359,4.8,0.06283185307179595,0.015707963267948988,-0.10000000000000053,0.17044272438083444,0.20370625141768633
3.958406743523139,0.9896016858807848,4.7,0.06283185307179551,0.015707963267948877,-0.09999999999999964,0.16440550707819207,0.20370625141768633
4.0212385965949355,1.0053096491487339,4.6,0.0628318530717964,0.0157079632679491,-0.10000000000000053,0.16304806663725427,0.20370625141768633
4.084070449666731,1.0210176124166828,4.5,0.06283185307179551,0.015707963267948877,-0.09999999999999964,0.19206322721909785,0.20370625141768633
4.1469023027385274,1.0367255756846319,4.3999999999999995,0.0628318530717964,0.0157079632679491,-0.10000000000000053,0.18419795180096565,0.3094124799841506
4.209734155810323,1.0524335389525807,4.3,0.06283185307179551,0.015707963267948877,-0.09999999999999964,0.19191525446452976,0.3094124799841506
4.272566008882119,1.0681415022205298,4.199999999999999,0.0628318530717964,0.0157079632679491,-0.10000000000000053,0.20003919576536108,0.3094124799841506
4.335397861953915,1.0838494654884787,4.1,0.06283185307179551,0.015707963267948877,-0.09999999999999964,0.21258576796179782,0.3094124799841506
4.39822971502571,1.0995574287564276,3.999999999999999,0.06283185307179551,0.015707963267948877,-0.10000000000000053,0.20928022101256274,0.3094124799841506
4.461061568097506,1.1152653920243765,3.9000000000000004,0.06283185307179551,0.015707963267948877,-0.09999999999999876,0.20928022101256274,0.3094124799841506
4.523893421169302,1.1309733552923256,3.8000000000000003,0.0628318530717964,0.0157079632679491,-0.10000000000000009,0.23216454814657556,0.3094124799841506
4.586725274241098,1.1466813185602744,3.7,0.06283185307179551,0.015707963267948877,-0.10000000000000009,0.25025244602145463,0.3094124799841506
4.649557127312894,1.1623892818282235,3.6,0.0628318530717964,0.0157079632679491,-0.10000000000000009,0.269779505002012,0.3094124799841506
4.71238898038469,1.1780972450961724,3.5,0.06283185307179551,0.015707963267948877,-0.10000000000000009,0.26794354579135904,0.3094124799841506
4.775220833456485,1.1938052083641213,3.4,0.06283185307179551,0.015707963267948877,-0.10000000000000009,0.2867219242632345,0.3094124799841506
4.838052686528282,1.2095131716320704,3.3,0.0628318530717964,0.0157079632679491,-0.10000000000000009,0.29056549548769417,0.5538005639237541
4.900884539600077,1.2252211349000193,3.1999999999999997,0.06283185307179551,0.015707963267948877,-0.10000000000000009,0.30290480891742066,0.5538005639237541
4.9637163926718735,1.2409290981679684,3.0999999999999996,0.0628318530717964,0.0157079632679491,-0.10000000000000009,0.3047339681710329,0.5538005639237541
5.026548245743669,1.2566370614359172,2.9999999999999996,0.06283185307179551,0.015707963267948877,-0.10000000000000009,0.2963577425602695,0.5538005639237541
5.089380098815465,1.2723450247038663,2.8999999999999995,0.0628318530717964,0.0157079632679491,-0.10000000000000009,0.29515847671326745,0.5538005639237541
5.152211951887261,1.2880529879718152,2.7999999999999994,0.06283185307179551,0.015707963267948877,-0.10000000000000009,0.3168830433700309,0.5538005639237541
5.215043804959057,1.3037609512397643,2.6999999999999993,0.0628318530717964,0.0157079632679491,-0.10000000000000009,0.33648158506596365,0.5538005639237541
5.277875658030852,1.319468914507713,2.6000000000000005,0.06283185307179462,0.015707963267948655,-0.09999999999999876,0.33648158506596365,0.5538005639237541
5.340707511102648,1.335176877775662,2.5,0.0628318530717964,0.0157079632679491,-0.10000000000000053,0.35408611010928276,0.5538005639237541
5.403539364174444,1.350884841043611,2.4000000000000004,0.06283185307179551,0.015707963267948877,-0.09999999999999964,0.3538377601682432,0.7559594379775882
5.46637121724624,1.36659280431156,2.3,0.0628318530717964,0.0157079632679491,-0.10000000000000053,0.3630314635186368,0.7559594379775882
5.529203070318036,1.382300767579509,2.2,0.06283185307179551,0.015707963267948877,-0.09999999999999964,0.3655099494840467,0.7559594379775882
5.592034923389832,1.398008730847458,2.0999999999999996,0.0628318530717964,0.0157079632679491,-0.10000000000000053,0.3580909172112508,0.7559594379775882
5.654866776461628,1.413716694115407,1.9999999999999998,0.06283185307179551,0.015707963267948877,-0.09999999999999987,0.3880385716434453,1.051365388947337
5.717698629533424,1.429424657383356,1.8999999999999997,0.0628318530717964,0.0157079632679491,-0.10000000000000009,0.4104818633261093,1.051365388947337
5.7805304826052195,1.4451326206513049,1.7999999999999996,0.06283185307179551,0.015707963267948877,-0.10000000000000009,0.4218629685505391,1.051365388947337
5.843362335677016,1.460840583919254,1.6999999999999995,0.0628318530717964,0.0157079632679491,-0.10000000000000009,0.41613262725527683,1.051365388947337
5.906194188748811,1.4765485471872029,1.5999999999999994,0.06283185307179551,0.015707963267948877,-0.10000000000000009,0.4181949937350249,1.2887616103354478
5.969026041820607,1.4922565104551517,1.4999999999999993,0.06283185307179551,0.015707963267948877,-0.10000000000000009,0.4450182200081575,1.2887616103354478
6.031857894892402,1.5079644737231006,1.4000000000000004,0.06283185307179551,0.015707963267948877,-0.09999999999999898,0.4674423893837416,1.2887616103354478
6.094689747964199,1.5236724369910497,1.3000000000000003,0.0628318530717964,0.0157079632679491,-0.10000000000000009,0.4674423893837416,1.2887616103354478
6.157521601035994,1.5393804002589986,1.2000000000000002,0.06283185307179551,0.015707963267948877,-0.10000000000000009,0.4674423893837416,1.2887616103354478
6.220353454107791,1.5550883635269477,1.1,0.0628318530717964,0.0157079632679491,-0.10000000000000009,0.4895008781687064,1.2887616103354478
0.0,1.5550883635269477,1.1,-6.220353454107791,0.0,0.0,0.5049854515408012,1.6845071192827186
0.06283185307179587,1.5393804002589986,1.2000000000000002,0.06283185307179587,-0.0157079632679491,0.10000000000000009,0.4987901337913532,1.6845071192827186
0.12566370614359174,1.5236724369910497,1.3000000000000003,0.06283185307179587,-0.015707963267948877,0.10000000000000009,0.534293212638833,1.6845071192827186
0.18849555921538758,1.5079644737231006,1.4000000000000004,0.06283185307179584,-0.0157079632679491,0.10000000000000009,0.5262557821950805,1.6845071192827186
0.25132741228718347,1.4922565104551517,1.4999999999999993,0.0628318530717959,-0.015707963267948877,0.09999999999999898,0.5666511224335873,1.6845071192827186
0.3141592653589793,1.4765485471872029,1.5999999999999994,0.06283185307179584,-0.015707963267948877,0.10000000000000009,0.5666511224335873,1.9083147479052343
0.37699111843077515,1.460840583919254,1.6999999999999995,0.06283185307179584,-0.015707963267948877,0.10000000000000009,0.5666511224335873,1.9083147479052343
0.4398229715025711,1.4451326206513049,1.7999999999999996,0.06283185307179595,-0.0157079632679491,0.10000000000000009,0.5666511224335873,1.9083147479052343
0.5026548245743669,1.429424657383356,1.8999999999999997,0.06283185307179584,-0.015707963267948877,0.10000000000000009,0.5666511224335873,1.9083147479052343
0.5654866776461628,1.413716694115407,1.9999999999999998,0.06283185307179584,-0.0157079632679491,0.10000000000000009,0.5666511224335873,2.149634443428683
0.6283185307179586,1.398008730847458,2.0999999999999996,0.06283185307179584,-0.015707963267948877,0.09999999999999987,0.5666511224335873,2.149634443428683
0.6911503837897545,1.382300767579509,2.2,0.06283185307179584,-0.0157079632679491,0.10000000000000053,0.5666511224335873,2.149634443428683
0.7539822368615503,1.36659280431156,2.3,0.06283185307179584,-0.015707963267948877,0.09999999999999964,0.5666511224335873,2.379370355740319
0.8168140899333463,1.350884841043611,2.4000000000000004,0.06283185307179595,-0.0157079632679491,0.10000000000000053,0.5666511224335873,2.379370355740319
0.8796459430051422,1.335176877775662,2.5,0.06283185307179595,-0.015707963267948877,0.09999999999999964,0.5666511224335873,2.379370355740319
0.9424777960769379,1.319468914507713,2.6000000000000005,0.06283185307179573,-0.0157079632679491,0.10000000000000053,0.5719933146504697,2.379370355740319
1.0053096491487339,1.3037609512397643,2.6999999999999993,0.06283185307179595,-0.015707963267948655,0.09999999999999876,0.5736550173842384,2.379370355740319
1.0681415022205298,1.2880529879718152,2.7999999999999994,0.06283185307179595,-0.0157079632679491,0.10000000000000009,0.5680157183394945,2.379370355740319
1.1309733552923256,1.2723450247038663,2.8999999999999995,0.06283185307179573,-0.015707963267948877,0.10000000000000009,0.5617501567221267,2.379370355740319
1.1938052083641213,1.2566370614359172,2.9999999999999996,0.06283185307179573,-0.0157079632679491,0.10000000000000009,0.5655246434541653,2.379370355740319
1.2566370614359172,1.2409290981679684,3.0999999999999996,0.06283185307179595,-0.015707963267948877,0.10000000000000009,0.572119287280264,2.379370355740319
1.319468914507713,1.2252211349000193,3.1999999999999997,0.06283185307179573,-0.0157079632679491,0.10000000000000009,0.5748878695017112,2.379370355740319
1.382300767579509,1.2095131716320704,3.3,0.06283185307179595,-0.015707963267948877,0.10000000000000009,0.5773748490556285,2.379370355740319
1.4451326206513049,1.1938052083641213,3.4,0.06283185307179595,-0.0157079632679491,0.10000000000000009,0.5700126652398433,2.385066029017115
1.5079644737231006,1.1780972450961724,3.5,0.06283185307179573,-0.015707963267948877,0.10000000000000009,0.5676732136885472,2.3941086753857754
1.5707963267948966,1.1623892818282235,3.6,0.06283185307179595,-0.015707963267948877,0.10000000000000009,0.5596490897903748,2.373219001034232
1.6336281798666925,1.1466813185602744,3.7,0.06283185307179595,-0.0157079632679491,0.10000000000000009,0.5619306757274749,2.379208037752691
1.6964600329384885,1.1309733552923256,3.8000000000000003,0.06283185307179595,-0.015707963267948877,0.10000000000000009,0.563302013835533,2.370779213597066
1.7592918860102844,1.1152653920243765,3.9000000000000004,0.06283185307179595,-0.0157079632679491,0.10000000000000009,0.5579787903758283,2.367171309116805
1.82212373908208,1.0995574287564276,3.999999999999999,0.06283185307179551,-0.015707963267948877,0.09999999999999876,0.5549903009186281,2.381451159117742
1.8849555921538759,1.0838494654884787,4.1,0.06283185307179595,-0.015707963267948877,0.10000000000000053,0.5550408672731073,2.3796467933373724
1.9477874452256718,1.0681415022205298,4.199999999999999,0.06283185307179595,-0.015707963267948877,0.09999999999999964,0.5553895356426138,2.3860871912488255
2.0106192982974678,1.0524335389525807,4.3,0.06283185307179595,-0.0157079632679491,0.10000000000000053,0.5585817206577673,2.382910437943045
2.0734511513692637,1.0367255756846319,4.3999999999999995,0.06283185307179595,-0.015707963267948877,0.09999999999999964,0.5556802661844562,2.36237665765685
2.1362830044410597,1.0210176124166828,4.5,0.06283185307179595,-0.0157079632679491,0.10000000000000053,0.5535290207531948,2.3518034941166452
2.199114857512855,1.0053096491487339,4.6,0.06283185307179551,-0.015707963267948877,0.09999999999999964,0.5521228392532727,2.3554659249976186
2.261946710584651,0.9896016858807848,4.7,0.06283185307179595,-0.0157079632679491,0.10000000000000053,0.5510134527062541,2.3748359577707028
2.324778563656447,0.9738937226128359,4.8,0.06283185307179595,-0.015707963267948877,0.09999999999999964,0.5530389920414015,2.3747907072203542
2.3876104167282426,0.9581857593448869,4.9,0.06283185307179551,-0.015707963267948988,0.10000000000000053,0.5524048462058869,2.3803595118380643
2.4504422698000385,0.9424777960769379,5.0,0.06283185307179595,-0.015707963267948988,0.09999999999999964,0.5620111619083372,2.383176317616066
2.5132741228718345,0.926769832808989,5.1000000000000005,0.06283185307179595,-0.015707963267948988,0.10000000000000053,0.5669691855315876,2.3899352027453875
2.5761059759436304,0.91106186954104,5.2,0.06283185307179595,-0.015707963267948988,0.09999999999999964,0.5606184339877345,2.375790555053114
2.638937829015426,0.8953539062730911,5.299999999999999,0.06283185307179551,-0.015707963267948877,0.09999999999999876,0.559442567280948,2.355861992574582
2.701769682087222,0.8796459430051422,5.3999999999999995,0.06283185307179595,-0.015707963267948877,0.10000000000000053,0.5607397885036329,2.3514860567942946
2.764601535159018,0.8639379797371932,5.5,0.06283185307179595,-0.015707963267948988,0.10000000000000053,0.5548176363776475,2.3675803990722795
2.827433388230814,0.8482300164692442,5.6,0.06283185307179595,-0.015707963267948988,0.09999999999999964,0.5486250507338075,2.374629514706164
2.8902652413026098,0.8325220532012952,5.699999999999999,0.06283185307179595,-0.015707963267948988,0.09999999999999964,0.5475812707389697,2.3716740083898484
2.9530970943744057,0.8168140899333463,5.8,0.06283185307179595,-0.015707963267948988,0.10000000000000053,0.5529682394043793,2.356099165347516
3.015928947446201,0.8011061266653973,5.9,0.06283185307179551,-0.015707963267948988,0.10000000000000053,0.5523022676114284,2.332780815827289
3.078760800517997,0.7853981633974483,6.0,0.06283185307179595,-0.015707963267948988,0.09999999999999964,0.5543310358164014,2.322378299994768
3.141592653589793,0.7696902001294993,6.1,0.06283185307179595,-0.015707963267948988,0.09999999999999964,0.5507596452307094,2.326295640294254
3.204424506661589,0.7539822368615503,6.2,0.06283185307179595,-0.015707963267948988,0.10000000000000053,0.5495004137095926,2.3147857269299714
3.267256359733385,0.7382742735936014,6.300000000000001,0.06283185307179595,-0.015707963267948877,0.10000000000000053,0.5443283062859339,2.3268111884702942
3.330088212805181,0.7225663103256524,6.4,0.06283185307179595,-0.015707963267948988,0.09999999999999964,0.546501815127085,2.337837090437886
3.392920065876977,0.7068583470577035,6.5,0.06283185307179595,-0.015707963267948988,0.09999999999999964,0.5414237822824257,2.3443639649714187
3.455751918948773,0.6911503837897545,6.6000000000000005,0.06283185307179595,-0.015707963267948988,0.10000000000000053,0.5285826164884275,2.3514695236022822
3.518583772020569,0.6754424205218055,6.700000000000001,0.06283185307179595,-0.015707963267948988,0.10000000000000053,0.5346457902356787,2.358335006223203
3.5814156250923643,0.6597344572538565,6.800000000000001,0.06283185307179551,-0.015707963267948988,0.09999999999999964,0.5370491612170931,2.373172613429281
3.64424747816416,0.6440264939859076,6.8999999999999995,0.06283185307179551,-0.015707963267948877,0.09999999999999876,0.5461400582236963,2.3711406525330365
3.707079331235956,0.6283185307179586,7.0,0.06283185307179595,-0.015707963267948988,0.10000000000000053,0.5479976817248062,2.384245652571401
3.7699111843077517,0.6126105674500096,7.1,0.06283185307179595,-0.015707963267948988,0.09999999999999964,0.5472858767123588,2.3631088673885543
3.8327430373795477,0.5969026041820606,7.2,0.06283185307179595,-0.015707963267948988,0.10000000000000053,0.5461170037374264,2.374572702498646
3.8955748904513436,0.5811946409141118,7.3,0.06283185307179595,-0.015707963267948877,0.09999999999999964,0.5437185020815013,2.3722004026301975
3.958406743523139,0.5654866776461628,7.4,0.06283185307179551,-0.015707963267948988,0.10000000000000053,0.5359278087151513,2.378323227376577
4.0212385965949355,0.5497787143782138,7.499999999999999,0.0628318530717964,-0.015707963267948988,0.09999999999999876,0.5399012342950577,2.3680478742861455
4.084070449666731,0.5340707511102649,7.6,0.06283185307179551,-0.015707963267948877,0.10000000000000053,0.5445104023150307,2.366016561782868
4.1469023027385274,0.5183627878423159,7.699999999999999,0.0628318530717964,-0.015707963267948988,0.09999999999999964,0.5378978882167863,2.3534711087658935
4.209734155810323,0.5026548245743669,7.799999999999999,0.06283185307179551,-0.015707963267948988,0.09999999999999964,0.5290979165768853,2.359630363868053
4.272566008882119,0.48694686130641796,7.8999999999999995,0.0628318530717964,-0.015707963267948988,0.10000000000000053,0.5272639146607432,2.359740578194905
4.335397861953915,0.47123889803846897,8.0,0.06283185307179551,-0.015707963267948988,0.10000000000000053,0.5227939593730203,2.3540360108819107
4.39822971502571,0.45553093477052,8.1,0.06283185307179551,-0.015707963267948988,0.09999999999999964,0.5198543675242008,2.3437042723829293
4.461061568097506,0.4398229715025711,8.2,0.06283185307179551,-0.015707963267948877,0.09999999999999964,0.5252397195439114,2.346367338354509
4.523893421169302,0.4241150082346221,8.3,0.0628318530717964,-0.015707963267948988,0.10000000000000142,0.5160412295060759,2.3444454721801375
4.586725274241098,0.4084070449666731,8.4,0.06283185307179551,-0.015707963267948988,0.09999999999999964,0.5147203198711245,2.320333015288276
4.649557127312894,0.39269908169872414,8.5,0.0628318530717964,-0.015707963267948988,0.09999999999999964,0.5086434551767095,2.3240331043184597
4.71238898038469,0.37699111843077515,8.6,0.06283185307179551,-0.015707963267948988,0.09999999999999964,0.5080934761884304,2.341585469691379
4.775220833456485,0.3612831551628262,8.7,0.06283185307179551,-0.015707963267948932,0.09999999999999964,0.5076861461489722,2.3389881093352436
4.838052686528282,0.34557519189487723,8.8,0.0628318530717964,-0.015707963267948988,0.10000000000000142,0.5036518710176069,2.3359099205299994
4.900884539600077,0.32986722862692824,8.9,0.06283185307179551,-0.015707963267948988,0.09999999999999964,0.49768679885670825,2.321862099689303
4.9637163926718735,0.3141592653589793,9.0,0.0628318530717964,-0.015707963267948932,0.09999999999999964,0.4945119431683728,2.3127827921153803
5.026548245743669,0.2984513020910303,9.100000000000001,0.06283185307179551,-0.015707963267948988,0.10000000000000142,0.49126914270317973,2.3124180881548435
5.089380098815465,0.2827433388230814,9.200000000000001,0.0628318530717964,-0.015707963267948932,0.09999999999999964,0.49359890651469907,2.318806167313984
5.152211951887261,0.26703537555513246,9.299999999999999,0.06283185307179551,-0.015707963267948932,0.09999999999999787,0.4925332915728533,2.3097599060931358
5.215043804959057,0.25132741228718347,9.4,0.0628318530717964,-0.015707963267948988,0.10000000000000142,0.49251537857900834,2.307011321776269
5.277875658030852,0.23561944901923448,9.5,0.06283185307179462,-0.015707963267948988,0.09999999999999964,0.48008934771099687,2.3102334180550277
5.340707511102648,0.21991148575128555,9.6,0.0628318530717964,-0.015707963267948932,0.09999999999999964,0.4752362049918308,2.303711879576354
5.403539364174444,0.20420352248333656,9.7,0.06283185307179551,-0.015707963267948988,0.09999999999999964,0.4676564989550676,2.3062024661906153
5.46637121724624,0.18849555921538758,9.8,0.0628318530717964,-0.015707963267948988,0.10000000000000142,0.4559339170612379,2.318392222089883
5.529203070318036,0.17278759594743862,9.9,0.06283185307179551,-0.01570796326794896,0.09999999999999964,0.45466814327185334,2.3287889693456063
5.592034923389832,0.15707963267948966,10.0,0.0628318530717964,-0.01570796326794896,0.09999999999999964,0.4467811727229961,2.3393913492888934
5.654866776461628,0.1413716694115407,10.1,0.06283185307179551,-0.01570796326794896,0.09999999999999964,0.44512455112736815,2.3478855411300157
5.717698629533424,0.12566370614359174,10.200000000000001,0.0628318530717964,-0.01570796326794896,0.10000000000000142,0.44439428337442494,2.3306117284182553
5.7805304826052195,0.10995574287564278,10.299999999999999,0.06283185307179551,-0.01570796326794896,0.09999999999999787,0.44977152206111676,2.333715261697182
5.843362335677016,0.09424777960769379,10.399999999999999,0.0628318530717964,-0.015707963267948988,0.09999999999999964,0.4463848058616185,2.3354004373524004
5.906194188748811,0.07853981633974483,10.5,0.06283185307179551,-0.01570796326794896,0.10000000000000142,0.4363393150400083,2.3391161148539754
5.969026041820607,0.06283185307179587,10.6,0.06283185307179551,-0.01570796326794896,0.09999999999999964,0.4439844841600438,2.3324173943067605
6.031857894892402,0.047123889803846894,10.7,0.06283185307179551,-0.015707963267948974,0.09999999999999964,0.4394644858677686,2.3366706883770068
6.094689747964199,0.031415926535897934,10.8,0.0628318530717964,-0.01570796326794896,0.10000000000000142,0.44156388977908984,2.322434232020643
6.157521601035994,0.015707963267948967,10.9,0.06283185307179551,-0.015707963267948967,0.09999999999999964,0.44026629077334256,2.3239520672226437
6.220353454107791,0.0,11.0,0.0628318530717964,-0.015707963267948967,0.09999999999999964,0.4433914032736922,2.320809916399807
0.0,0.0,11.0,-6.220353454107791,0.0,0.0,0.4416600034869346,2.311547411139351
0.06283185307179587,0.015707963267948967,10.9,0.06283185307179587,0.015707963267948967,-0.09999999999999964,0.44634677668309275,2.3060100803125234
0.12566370614359174,0.031415926535897934,10.8,0.06283185307179587,0.015707963267948967,-0.09999999999999964,0.4433841257280812,2.318165774151423
0.18849555921538758,0.047123889803846894,10.7,0.06283185307179584,0.01570796326794896,-0.10000000000000142,0.4408927766628269,2.3181498234435467
0.25132741228718347,0.06283185307179587,10.6,0.0628318530717959,0.015707963267948974,-0.09999999999999964,0.4380639477615128,2.3200327771243527
0.3141592653589793,0.07853981633974483,10.5,0.06283185307179584,0.01570796326794896,-0.09999999999999964,0.4454858555368496,2.323273372713253
0.37699111843077515,0.09424777960769379,10.399999999999999,0.06283185307179584,0.01570796326794896,-0.10000000000000142,0.43978277684171224,2.3200251627186415
0.4398229715025711,0.10995574287564278,10.299999999999999,0.06283185307179595,0.015707963267948988,-0.09999999999999964,0.43141815181901,2.325237755546935
0.5026548245743669,0.12566370614359174,10.200000000000001,0.06283185307179584,0.01570796326794896,-0.09999999999999787,0.43439596040741113,2.3261015911087886
0.5654866776461628,0.1413716694115407,10.1,0.06283185307179584,0.01570796326794896,-0.10000000000000142,0.43735235259545097,2.3310321462711214
0.6283185307179586,0.15707963267948966,10.0,0.06283185307179584,0.01570796326794896,-0.09999999999999964,0.44080881190019566,2.3175404577403365
0.6911503837897545,0.17278759594743862,9.9,0.06283185307179584,0.01570796326794896,-0.09999999999999964,0.43922352967752465,2.30764211541738
0.7539822368615503,0.18849555921538758,9.8,0.06283185307179584,0.01570796326794896,-0.09999999999999964,0.440376810861917,2.328636619561257
0.8168140899333463,0.20420352248333656,9.7,0.06283185307179595,0.015707963267948988,-0.10000000000000142,0.44214751935212476,2.321421993540146
0.8796459430051422,0.21991148575128555,9.6,0.06283185307179595,0.015707963267948988,-0.09999999999999964,0.4376819714182385,2.302062380080889
0.9424777960769379,0.23561944901923448,9.5,0.06283185307179573,0.015707963267948932,-0.09999999999999964,0.4439383950196022,2.3014105065560035
1.0053096491487339,0.25132741228718347,9.4,0.06283185307179595,0.015707963267948988,-0.09999999999999964,0.4375219660472442,2.2938158986914265
1.0681415022205298,0.26703537555513246,9.299999999999999,0.06283185307179595,0.015707963267948988,-0.10000000000000142,0.4361149793443291,2.2842818055082077
1.1309733552923256,0.2827433388230814,9.200000000000001,0.06283185307179573,0.015707963267948932,-0.09999999999999787,0.4396953901311883,2.2920044502728394
1.1938052083641213,0.2984513020910303,9.100000000000001,0.06283185307179573,0.015707963267948932,-0.09999999999999964,0.43122475971014596,2.2922258021922337
1.2566370614359172,0.3141592653589793,9.0,0.06283185307179595,0.015707963267948988,-0.10000000000000142,0.4320832991569215,2.2905007640980317
1.319468914507713,0.32986722862692824,8.9,0.06283185307179573,0.015707963267948932,-0.09999999999999964,0.43085771342399337,2.2958976138336946
1.382300767579509,0.34557519189487723,8.8,0.06283185307179595,0.015707963267948988,-0.09999999999999964,0.43167603417499656,2.306220693118735
1.4451326206513049,0.3612831551628262,8.7,0.06283185307179595,0.015707963267948988,-0.10000000000000142,0.4318426512233313,2.3311327231057493
1.5079644737231006,0.37699111843077515,8.6,0.06283185307179573,0.015707963267948932,-0.09999999999999964,0.42372403483154286,2.347594592766972
1.5707963267948966,0.39269908169872414,8.5,0.06283185307179595,0.015707963267948988,-0.09999999999999964,0.41511218200326094,2.347107442593014
1.6336281798666925,0.4084070449666731,8.4,0.06283185307179595,0.015707963267948988,-0.09999999999999964,0.4214010284404155,2.345744495005051
1.6964600329384885,0.4241150082346221,8.3,0.06283185307179595,0.015707963267948988,-0.09999999999999964,0.4173426319878666,2.3547044112107
1.7592918860102844,0.4398229715025711,8.2,0.06283185307179595,0.015707963267948988,-0.10000000000000142,0.4134231930125345,2.3603559859578565
1.82212373908208,0.45553093477052,8.1,0.06283185307179551,0.015707963267948877,-0.09999999999999964,0.4099635721248018,2.347326427731888
1.8849555921538759,0.47123889803846897,8.0,0.06283185307179595,0.015707963267948988,-0.09999999999999964,0.40741811428309976,2.3519793352972727
1.9477874452256718,0.48694686130641796,7.8999999999999995,0.06283185307179595,0.015707963267948988,-0.10000000000000053,0.3962688196960529,2.3500171395760234
2.0106192982974678,0.5026548245743669,7.799999999999999,0.06283185307179595,0.015707963267948988,-0.10000000000000053,0.4052442978621058,2.338019870712795
2.0734511513692637,0.5183627878423159,7.699999999999999,0.06283185307179595,0.015707963267948988,-0.09999999999999964,0.4048330265193904,2.343899594322276
2.1362830044410597,0.5340707511102649,7.6,0.06283185307179595,0.015707963267948988,-0.09999999999999964,0.4004806305861196,2.328191449632019
2.199114857512855,0.5497787143782138,7.499999999999999,0.06283185307179551,0.015707963267948877,-0.10000000000000053,0.39545266810202934,2.3268170731077094
2.261946710584651,0.5654866776461628,7.4,0.06283185307179595,0.015707963267948988,-0.09999999999999876,0.3903244589302393,2.318526963691456
2.324778563656447,0.5811946409141118,7.3,0.06283185307179595,0.015707963267948988,-0.10000000000000053,0.3835590147442931,2.3184441580406547
2.3876104167282426,0.5969026041820606,7.2,0.06283185307179551,0.015707963267948877,-0.09999999999999964,0.37335579940976193,2.3127848797013097
2.4504422698000385,0.6126105674500096,7.1,0.06283185307179595,0.015707963267948988,-0.10000000000000053,0.3709542855055596,2.2873465539544617
2.5132741228718345,0.6283185307179586,7.0,0.06283185307179595,0.015707963267948988,-0.09999999999999964,0.366464818109547,2.300468463510537
2.5761059759436304,0.6440264939859076,6.8999999999999995,0.06283185307179595,0.015707963267948988,-0.10000000000000053,0.36745851414178693,2.296880909182046
2.638937829015426,0.6597344572538565,6.800000000000001,0.06283185307179551,0.015707963267948877,-0.09999999999999876,0.3712521358230731,2.3084776925401576
2.701769682087222,0.6754424205218055,6.700000000000001,0.06283185307179595,0.015707963267948988,-0.09999999999999964,0.3749447599961465,2.3254494756363777
2.764601535159018,0.6911503837897545,6.6000000000000005,0.06283185307179595,0.015707963267948988,-0.10000000000000053,0.37918097341353124,2.3185902947610337
2.827433388230814,0.7068583470577035,6.5,0.06283185307179595,0.015707963267948988,-0.10000000000000053,0.3815927024244602,2.309907826307312
2.8902652413026098,0.7225663103256524,6.4,0.06283185307179595,0.015707963267948988,-0.09999999999999964,0.3800277673144047,2.308798844023497
2.9530970943744057,0.7382742735936014,6.300000000000001,0.06283185307179595,0.015707963267948988,-0.09999999999999964,0.3818521696960211,2.29405851000784
3.015928947446201,0.7539822368615503,6.2,0.06283185307179551,0.015707963267948877,-0.10000000000000053,0.375264297883053,2.290789667338941
3.078760800517997,0.7696902001294993,6.1,0.06283185307179595,0.015707963267948988,-0.10000000000000053,0.3625333914918577,2.2768394275226207
3.141592653589793,0.7853981633974483,6.0,0.06283185307179595,0.015707963267948988,-0.09999999999999964,0.36348107163834853,2.2705249798888016
3.204424506661589,0.8011061266653973,5.9,0.06283185307179595,0.015707963267948988,-0.09999999999999964,0.36787881940507106,2.2658150951311615
3.267256359733385,0.8168140899333463,5.8,0.06283185307179595,0.015707963267948988,-0.10000000000000053,0.37615735311963255,2.2726034501791337
3.330088212805181,0.8325220532012952,5.699999999999999,0.06283185307179595,0.015707963267948988,-0.10000000000000053,0.3672125967400952,2.270296030077481
3.392920065876977,0.8482300164692442,5.6,0.06283185307179595,0.015707963267948988,-0.09999999999999964,0.36957412681593477,2.259657255016365
3.455751918948773,0.8639379797371932,5.5,0.06283185307179595,0.015707963267948988,-0.09999999999999964,0.3594050423128077,2.2475560077157315
3.518583772020569,0.8796459430051422,5.3999999999999995,0.06283185307179595,0.015707963267948988,-0.10000000000000053,0.358738467359727,2.257863317391267
3.5814156250923643,0.8953539062730911,5.299999999999999,0.06283185307179551,0.015707963267948877,-0.10000000000000053,0.355405926063881,2.2349684158178076
3.64424747816416,0.91106186954104,5.2,0.06283185307179551,0.015707963267948877,-0.09999999999999876,0.34702090161242444,2.2531717454505036
3.707079331235956,0.926769832808989,5.1000000000000005,0.06283185307179595,0.015707963267948988,-0.09999999999999964,0.34996295585937887,2.255879553868449
3.7699111843077517,0.9424777960769379,5.0,0.06283185307179595,0.015707963267948988,-0.10000000000000053,0.3426049356896751,2.2571970259507577
3.8327430373795477,0.9581857593448869,4.9,0.06283185307179595,0.015707963267948988,-0.09999999999999964,0.33176050745275654,2.262853399552734
3.8955748904513436,0.9738937226128359,4.8,0.06283185307179595,0.015707963267948988,-0.10000000000000053,0.31854729044442404,2.269566404177282
3.958406743523139,0.9896016858807848,4.7,0.06283185307179551,0.015707963267948877,-0.09999999999999964,0.3187865158976329,2.2755135734203122
4.0212385965949355,1.0053096491487339,4.6,0.0628318530717964,0.0157079632679491,-0.10000000000000053,0.32120049475911094,2.266922404624933
4.084070449666731,1.0210176124166828,4.5,0.06283185307179551,0.015707963267948877,-0.09999999999999964,0.3184165088847846,2.2785873713369966
4.1469023027385274,1.0367255756846319,4.3999999999999995,0.0628318530717964,0.0157079632679491,-0.10000000000000053,0.32172109270018323,2.2764157396726503
4.209734155810323,1.0524335389525807,4.3,0.06283185307179551,0.015707963267948877,-0.09999999999999964,0.32112954100951047,2.2719448586630206
4.272566008882119,1.0681415022205298,4.199999999999999,0.0628318530717964,0.0157079632679491,-0.10000000000000053,0.32410348881971635,2.2789872979945023
4.335397861953915,1.0838494654884787,4.1,0.06283185307179551,0.015707963267948877,-0.09999999999999964,0.3251492054976229,2.272338396537458
4.39822971502571,1.0995574287564276,3.999999999999999,0.06283185307179551,0.015707963267948877,-0.10000000000000053,0.32981696717792713,2.272547531608534
4.461061568097506,1.1152653920243765,3.9000000000000004,0.06283185307179551,0.015707963267948877,-0.09999999999999876,0.33183542578816083,2.266910107012083
4.523893421169302,1.1309733552923256,3.8000000000000003,0.0628318530717964,0.0157079632679491,-0.10000000000000009,0.32997394271813485,2.2654574454635807
4.586725274241098,1.1466813185602744,3.7,0.06283185307179551,0.015707963267948877,-0.10000000000000009,0.33115875842072506,2.2705991208665552
4.649557127312894,1.1623892818282235,3.6,0.0628318530717964,0.0157079632679491,-0.10000000000000009,0.33370777124484574,2.2744280231638596
4.71238898038469,1.1780972450961724,3.5,0.06283185307179551,0.015707963267948877,-0.10000000000000009,0.3316160120060626,2.2704304652408274
4.775220833456485,1.1938052083641213,3.4,0.06283185307179551,0.015707963267948877,-0.10000000000000009,0.3282103588336217,2.279880030955112
4.838052686528282,1.2095131716320704,3.3,0.0628318530717964,0.0157079632679491,-0.10000000000000009,0.32940157101043277,2.2903187744408604
4.900884539600077,1.2252211349000193,3.1999999999999997,0.06283185307179551,0.015707963267948877,-0.10000000000000009,0.3295999640923239,2.28389480681948
4.9637163926718735,1.2409290981679684,3.0999999999999996,0.0628318530717964,0.0157079632679491,-0.10000000000000009,0.33174758569874996,2.295859077895503
5.026548245743669,1.2566370614359172,2.9999999999999996,0.06283185307179551,0.015707963267948877,-0.10000000000000009,0.3234480397776338,2.288935099993581
5.089380098815465,1.2723450247038663,2.8999999999999995,0.0628318530717964,0.0157079632679491,-0.10000000000000009,0.32135775831576024,2.297653075787843
5.152211951887261,1.2880529879718152,2.7999999999999994,0.06283185307179551,0.015707963267948877,-0.10000000000000009,0.31224629178418484,2.309122619095783
5.215043804959057,1.3037609512397643,2.6999999999999993,0.0628318530717964,0.0157079632679491,-0.10000000000000009,0.3167411194533043,2.29374848109595
5.277875658030852,1.319468914507713,2.6000000000000005,0.06283185307179462,0.015707963267948655,-0.09999999999999876,0.3198322953410971,2.2920337741561583
5.340707511102648,1.335176877775662,2.5,0.0628318530717964,0.0157079632679491,-0.10000000000000053,0.3593034703364173,2.289866774558171
5.403539364174444,1.350884841043611,2.4000000000000004,0.06283185307179551,0.015707963267948877,-0.09999999999999964,0.36092104927387486,2.295440234617976
5.46637121724624,1.36659280431156,2.3,0.0628318530717964,0.0157079632679491,-0.10000000000000053,0.36402895612135644,2.3045902905785076
5.529203070318036,1.382300767579509,2.2,0.06283185307179551,0.015707963267948877,-0.09999999999999964,0.3985884806657039,2.288495514915047
5.592034923389832,1.398008730847458,2.0999999999999996,0.0628318530717964,0.0157079632679491,-0.10000000000000053,0.3886531785789807,2.284824568181044
5.654866776461628,1.413716694115407,1.9999999999999998,0.06283185307179551,0.015707963267948877,-0.09999999999999987,0.40307905028997354,2.2926224419619876
5.717698629533424,1.429424657383356,1.8999999999999997,0.0628318530717964,0.0157079632679491,-0.10000000000000009,0.3946106514415048,2.2937565922711456
5.7805304826052195,1.4451326206513049,1.7999999999999996,0.06283185307179551,0.015707963267948877,-0.10000000000000009,0.40411422135895897,2.294218947243548
5.843362335677016,1.460840583919254,1.6999999999999995,0.0628318530717964,0.0157079632679491,-0.10000000000000009,0.4119178386990916,2.284784636584704
5.906194188748811,1.4765485471872029,1.5999999999999994,0.06283185307179551,0.015707963267948877,-0.10000000000000009,0.4433549607237336,2.2882815144913384
5.969026041820607,1.4922565104551517,1.4999999999999993,0.06283185307179551,0.015707963267948877,-0.10000000000000009,0.4506661597252662,2.283661605629004
6.031857894892402,1.5079644737231006,1.4000000000000004,0.06283185307179551,0.015707963267948877,-0.09999999999999898,0.46850286188144863,2.2886056182048526
6.094689747964199,1.5236724369910497,1.3000000000000003,0.0628318530717964,0.0157079632679491,-0.10000000000000009,0.46832030299376387,2.2986352045584044
6.157521601035994,1.5393804002589986,1.2000000000000002,0.06283185307179551,0.015707963267948877,-0.10000000000000009,0.47677941996796525,2.292659020357873
6.220353454107791,1.5550883635269477,1.1,0.0628318530717964,0.0157079632679491,-0.10000000000000009,0.48834404634374046,2.2912468335919525
0.0,1.5550883635269477,1.1,-6.220353454107791,0.0,0.0,0.49332875111772606,2.270330438798806
0.06283185307179587,1.5393804002589986,1.2000000000000002,0.06283185307179587,-0.0157079632679491,0.10000000000000009,0.5104824301848345,2.2802665175405754
0.12566370614359174,1.5236724369910497,1.3000000000000003,0.06283185307179587,-0.015707963267948877,0.10000000000000009,0.5104824301848345,2.2892517663529737
0.18849555921538758,1.5079644737231006,1.4000000000000004,0.06283185307179584,-0.0157079632679491,0.10000000000000009,0.5286333290327917,2.291685747296786
0.25132741228718347,1.4922565104551517,1.4999999999999993,0.0628318530717959,-0.015707963267948877,0.09999999999999898,0.5255862893881517,2.2912915889948007
0.3141592653589793,1.4765485471872029,1.5999999999999994,0.06283185307179584,-0.015707963267948877,0.10000000000000009,0.5506868505792829,2.29187429290634
0.37699111843077515,1.460840583919254,1.6999999999999995,0.06283185307179584,-0.015707963267948877,0.10000000000000009,0.5457203905233233,2.2942677962952085
0.4398229715025711,1.4451326206513049,1.7999999999999996,0.06283185307179595,-0.0157079632679491,0.10000000000000009,0.5457203905233233,2.307148795870717
0.5026548245743669,1.429424657383356,1.8999999999999997,0.06283185307179584,-0.015707963267948877,0.10000000000000009,0.5457203905233233,2.2847280846146334
0.5654866776461628,1.413716694115407,1.9999999999999998,0.06283185307179584,-0.0157079632679491,0.10000000000000009,0.5457203905233233,2.2814379357176753
0.6283185307179586,1.398008730847458,2.0999999999999996,0.06283185307179584,-0.015707963267948877,0.09999999999999987,0.5457203905233233,2.2735162143935774
0.6911503837897545,1.382300767579509,2.2,0.06283185307179584,-0.0157079632679491,0.10000000000000053,0.5457203905233233,2.2954204007975414
0.7539822368615503,1.36659280431156,2.3,0.06283185307179584,-0.015707963267948877,0.09999999999999964,0.5457203905233233,2.2954204007975414
0.8168140899333463,1.350884841043611,2.4000000000000004,0.06283185307179595,-0.0157079632679491,0.10000000000000053,0.5457203905233233,2.2954204007975414
0.8796459430051422,1.335176877775662,2.5,0.06283185307179595,-0.015707963267948877,0.09999999999999964,0.5457203905233233,2.5278214824290646
0.9424777960769379,1.319468914507713,2.6000000000000005,0.06283185307179573,-0.0157079632679491,0.10000000000000053,0.5457203905233233,2.5278214824290646
1.0053096491487339,1.3037609512397643,2.6999999999999993,0.06283185307179595,-0.015707963267948655,0.09999999999999876,0.5457203905233233,2.5278214824290646
1.0681415022205298,1.2880529879718152,2.7999999999999994,0.06283185307179595,-0.0157079632679491,0.10000000000000009,0.5469535424866566,2.5278214824290646
1.1309733552923256,1.2723450247038663,2.8999999999999995,0.06283185307179573,-0.015707963267948877,0.10000000000000009,0.5428154530933934,2.5278214824290646
1.1938052083641213,1.2566370614359172,2.9999999999999996,0.06283185307179573,-0.0157079632679491,0.10000000000000009,0.5457486915858064,2.5278214824290646
1.2566370614359172,1.2409290981679684,3.0999999999999996,0.06283185307179595,-0.015707963267948877,0.10000000000000009,0.5380218427310212,2.5278214824290646
1.319468914507713,1.2252211349000193,3.1999999999999997,0.06283185307179573,-0.0157079632679491,0.10000000000000009,0.5348125752129284,2.5278214824290646
1.382300767579509,1.2095131716320704,3.3,0.06283185307179595,-0.015707963267948877,0.10000000000000009,0.5395274390599906,2.5278214824290646
1.4451326206513049,1.1938052083641213,3.4,0.06283185307179595,-0.0157079632679491,0.10000000000000009,0.533587618192581,2.5278214824290646
1.5079644737231006,1.1780972450961724,3.5,0.06283185307179573,-0.015707963267948877,0.10000000000000009,0.5357581104908893,2.5278214824290646
1.5707963267948966,1.1623892818282235,3.6,0.06283185307179595,-0.015707963267948877,0.10000000000000009,0.5288377971676628,2.5356207680141907
1.6336281798666925,1.1466813185602744,3.7,0.06283185307179595,-0.0157079632679491,0.10000000000000009,0.5180563440494549,2.5471918757903538
1.6964600329384885,1.1309733552923256,3.8000000000000003,0.06283185307179595,-0.015707963267948877,0.10000000000000009,0.5249851310317893,2.5505393496822784
1.7592918860102844,1.1152653920243765,3.9000000000000004,0.06283185307179595,-0.0157079632679491,0.10000000000000009,0.5162701108556882,2.572260076959513
1.82212373908208,1.0995574287564276,3.999999999999999,0.06283185307179551,-0.015707963267948877,0.09999999999999876,0.5112575088580299,2.5829659753514544
1.8849555921538759,1.0838494654884787,4.1,0.06283185307179595,-0.015707963267948877,0.10000000000000053,0.5109590168312301,2.603883987162467
1.9477874452256718,1.0681415022205298,4.199999999999999,0.06283185307179595,-0.015707963267948877,0.09999999999999964,0.5146005091224692,2.610790472883764
2.0106192982974678,1.0524335389525807,4.3,0.06283185307179595,-0.0157079632679491,0.10000000000000053,0.5164528938952188,2.605088936667509
2.0734511513692637,1.0367255756846319,4.3999999999999995,0.06283185307179595,-0.015707963267948877,0.09999999999999964,0.5252130405046096,2.61236192419805
2.1362830044410597,1.0210176124166828,4.5,0.06283185307179595,-0.0157079632679491,0.10000000000000053,0.5284982238164363,2.6116051929090243
2.199114857512855,1.0053096491487339,4.6,0.06283185307179551,-0.015707963267948877,0.09999999999999964,0.5209510656509986,2.6031587007809325
2.261946710584651,0.9896016858807848,4.7,0.06283185307179595,-0.0157079632679491,0.10000000000000053,0.5120138985485714,2.5927586068767168
2.324778563656447,0.9738937226128359,4.8,0.06283185307179595,-0.015707963267948877,0.09999999999999964,0.5095093939084907,2.580353065891607
2.3876104167282426,0.9581857593448869,4.9,0.06283185307179551,-0.015707963267948988,0.10000000000000053,0.5079820465541347,2.569187518142064
2.4504422698000385,0.9424777960769379,5.0,0.06283185307179595,-0.015707963267948988,0.09999999999999964,0.5085733804094625,2.57010826330235
2.5132741228718345,0.926769832808989,5.1000000000000005,0.06283185307179595,-0.015707963267948988,0.10000000000000053,0.5054679500944241,2.541532345988995
2.5761059759436304,0.91106186954104,5.2,0.06283185307179595,-0.015707963267948988,0.09999999999999964,0.504479445424121,2.539661358468985
2.638937829015426,0.8953539062730911,5.299999999999999,0.06283185307179551,-0.015707963267948877,0.09999999999999876,0.4946061554517032,2.524557602243238
2.701769682087222,0.8796459430051422,5.3999999999999995,0.06283185307179595,-0.015707963267948877,0.10000000000000053,0.4958892676443876,2.5198544980426467
2.764601535159018,0.8639379797371932,5.5,0.06283185307179595,-0.015707963267948988,0.10000000000000053,0.5032912443053588,2.5241670623019714
2.827433388230814,0.8482300164692442,5.6,0.06283185307179595,-0.015707963267948988,0.09999999999999964,0.5015421397921711,2.52401264001942
2.8902652413026098,0.8325220532012952,5.699999999999999,0.06283185307179595,-0.015707963267948988,0.09999999999999964,0.5032899774185854,2.519727802431628
2.9530970943744057,0.8168140899333463,5.8,0.06283185307179595,-0.015707963267948988,0.10000000000000053,0.5055308663321663,2.5245261452768353
3.015928947446201,0.8011061266653973,5.9,0.06283185307179551,-0.015707963267948988,0.10000000000000053,0.5095110763585311,2.525757139967621
3.078760800517997,0.7853981633974483,6.0,0.06283185307179595,-0.015707963267948988,0.09999999999999964,0.5081535945618382,2.527865629369435
3.141592653589793,0.7696902001294993,6.1,0.06283185307179595,-0.015707963267948988,0.09999999999999964,0.5047599551095044,2.5033919079954368
3.204424506661589,0.7539822368615503,6.2,0.06283185307179595,-0.015707963267948988,0.10000000000000053,0.5048244511851109,2.4841420136719683
3.267256359733385,0.7382742735936014,6.300000000000001,0.06283185307179595,-0.015707963267948877,0.10000000000000053,0.5077590595162402,2.4876004168459787
3.330088212805181,0.7225663103256524,6.4,0.06283185307179595,-0.015707963267948988,0.09999999999999964,0.5091705570237738,2.492743749923563
3.392920065876977,0.7068583470577035,6.5,0.06283185307179595,-0.015707963267948988,0.09999999999999964,0.49911098361766826,2.507222248083696
3.455751918948773,0.6911503837897545,6.6000000000000005,0.06283185307179595,-0.015707963267948988,0.10000000000000053,0.4939207506737891,2.527189744011536
3.518583772020569,0.6754424205218055,6.700000000000001,0.06283185307179595,-0.015707963267948988,0.10000000000000053,0.4994591651267287,2.5264852133277556
3.5814156250923643,0.6597344572538565,6.800000000000001,0.06283185307179551,-0.015707963267948988,0.09999999999999964,0.5008936935110274,2.521621636514846
3.64424747816416,0.6440264939859076,6.8999999999999995,0.06283185307179551,-0.015707963267948877,0.09999999999999876,0.49277806737933816,2.51736839837228
3.707079331235956,0.6283185307179586,7.0,0.06283185307179595,-0.015707963267948988,0.10000000000000053,0.4900930109460274,2.5156368021328657
3.7699111843077517,0.6126105674500096,7.1,0.06283185307179595,-0.015707963267948988,0.09999999999999964,0.4897161875472832,2.501208696956337
3.8327430373795477,0.5969026041820606,7.2,0.06283185307179595,-0.015707963267948988,0.10000000000000053,0.4884383974824167,2.4938401423323295
3.8955748904513436,0.5811946409141118,7.3,0.06283185307179595,-0.015707963267948877,0.09999999999999964,0.486497887528915,2.501470621025883
3.958406743523139,0.5654866776461628,7.4,0.06283185307179551,-0.015707963267948988,0.10000000000000053,0.47894714055043763,2.512727570699901
4.0212385965949355,0.5497787143782138,7.499999999999999,0.0628318530717964,-0.015707963267948988,0.09999999999999876,0.47865037127124177,2.5146963486346507
4.084070449666731,0.5340707511102649,7.6,0.06283185307179551,-0.015707963267948877,0.10000000000000053,0.4737761021399349,2.518467547074319
4.1469023027385274,0.5183627878423159,7.699999999999999,0.0628318530717964,-0.015707963267948988,0.09999999999999964,0.4770171032960093,2.51161619779326
4.209734155810323,0.5026548245743669,7.799999999999999,0.06283185307179551,-0.015707963267948988,0.09999999999999964,0.48776372615607655,2.5031468743703718
4.272566008882119,0.48694686130641796,7.8999999999999995,0.0628318530717964,-0.015707963267948988,0.10000000000000053,0.4874185252728292,2.4938712866205686
4.335397861953915,0.47123889803846897,8.0,0.06283185307179551,-0.015707963267948988,0.10000000000000053,0.4865305498242481,2.4942116643582204
4.39822971502571,0.45553093477052,8.1,0.06283185307179551,-0.015707963267948988,0.09999999999999964,0.4857520755800615,2.491638922787801
4.461061568097506,0.4398229715025711,8.2,0.06283185307179551,-0.015707963267948877,0.09999999999999964,0.4758660295521042,2.5039223900314176
4.523893421169302,0.4241150082346221,8.3,0.0628318530717964,-0.015707963267948988,0.10000000000000142,0.4813853604964436,2.514559553228018
4.586725274241098,0.4084070449666731,8.4,0.06283185307179551,-0.015707963267948988,0.09999999999999964,0.4796049809889076,2.4942899145867097
4.649557127312894,0.39269908169872414,8.5,0.0628318530717964,-0.015707963267948988,0.09999999999999964,0.47714962214091633,2.49095939940007
4.71238898038469,0.37699111843077515,8.6,0.06283185307179551,-0.015707963267948988,0.09999999999999964,0.4700366009451709,2.495946140461574
4.775220833456485,0.3612831551628262,8.7,0.06283185307179551,-0.015707963267948932,0.09999999999999964,0.4608441218327788,2.487236767353519
4.838052686528282,0.34557519189487723,8.8,0.0628318530717964,-0.015707963267948988,0.10000000000000142,0.46451053667673453,2.4843016676366187
4.900884539600077,0.32986722862692824,8.9,0.06283185307179551,-0.015707963267948988,0.09999999999999964,0.47237507989957356,2.5000246936633927
4.9637163926718735,0.3141592653589793,9.0,0.0628318530717964,-0.015707963267948932,0.09999999999999964,0.46789281974153885,2.512630776229628
5.026548245743669,0.2984513020910303,9.100000000000001,0.06283185307179551,-0.015707963267948988,0.10000000000000142,0.46663926707830417,2.511228960791126
5.089380098815465,0.2827433388230814,9.200000000000001,0.0628318530717964,-0.015707963267948932,0.09999999999999964,0.45935815639063576,2.5109825420192946
5.152211951887261,0.26703537555513246,9.299999999999999,0.06283185307179551,-0.015707963267948932,0.09999999999999787,0.44552916006584614,2.4977090436811937
5.215043804959057,0.25132741228718347,9.4,0.0628318530717964,-0.015707963267948988,0.10000000000000142,0.44096849136696153,2.4990958408148964
5.277875658030852,0.23561944901923448,9.5,0.06283185307179462,-0.015707963267948988,0.09999999999999964,0.4464685481263668,2.5046991525164786
5.340707511102648,0.21991148575128555,9.6,0.0628318530717964,-0.015707963267948932,0.09999999999999964,0.4434232306073779,2.4850291291645616
5.403539364174444,0.20420352248333656,9.7,0.06283185307179551,-0.015707963267948988,0.09999999999999964,0.4362352720222727,2.4838466782103055
5.46637121724624,0.18849555921538758,9.8,0.0628318530717964,-0.015707963267948988,0.10000000000000142,0.4346772909066831,2.4734197025057867
5.529203070318036,0.17278759594743862,9.9,0.06283185307179551,-0.01570796326794896,0.09999999999999964,0.4326376784518814,2.471443567817108
5.592034923389832,0.15707963267948966,10.0,0.0628318530717964,-0.01570796326794896,0.09999999999999964,0.4182715545659005,2.4746848922526334
5.654866776461628,0.1413716694115407,10.1,0.06283185307179551,-0.01570796326794896,0.09999999999999964,0.4178571774069801,2.460009087747946
5.717698629533424,0.12566370614359174,10.200000000000001,0.0628318530717964,-0.01570796326794896,0.10000000000000142,0.4176852357605777,2.4630285076564453
5.7805304826052195,0.10995574287564278,10.299999999999999,0.06283185307179551,-0.01570796326794896,0.09999999999999787,0.4124568460651652,2.467173040704483
5.843362335677016,0.09424777960769379,10.399999999999999,0.0628318530717964,-0.015707963267948988,0.09999999999999964,0.4071018055736001,2.463070532023986
5.906194188748811,0.07853981633974483,10.5,0.06283185307179551,-0.01570796326794896,0.10000000000000142,0.4086973385872929,2.46489090535581
5.969026041820607,0.06283185307179587,10.6,0.06283185307179551,-0.01570796326794896,0.09999999999999964,0.40654273728890733,2.456800590785494
6.031857894892402,0.047123889803846894,10.7,0.06283185307179551,-0.015707963267948974,0.09999999999999964,0.40925193106966135,2.4693874855991984
6.094689747964199,0.031415926535897934,10.8,0.0628318530717964,-0.01570796326794896,0.10000000000000142,0.40533437475720957,2.472129638828237
6.157521601035994,0.015707963267948967,10.9,0.06283185307179551,-0.015707963267948967,0.09999999999999964,0.3997495485629165,2.476055340707618
6.220353454107791,0.0,11.0,0.0628318530717964,-0.015707963267948967,0.09999999999999964,0.3975963667869457,2.4747649542921537
0.0,0.0,11.0,-6.220353454107791,0.0,0.0,0.39764402509798624,2.4674000950153983
0.06283185307179587,0.015707963267948967,10.9,0.06283185307179587,0.015707963267948967,-0.09999999999999964,0.4051171125981112,2.464281595528719
0.12566370614359174,0.031415926535897934,10.8,0.06283185307179587,0.015707963267948967,-0.09999999999999964,0.40032355437156925,2.470993132973636
0.18849555921538758,0.047123889803846894,10.7,0.06283185307179584,0.01570796326794896,-0.10000000000000142,0.4037601629377449,2.4748982556012527
0.25132741228718347,0.06283185307179587,10.6,0.0628318530717959,0.015707963267948974,-0.09999999999999964,0.41150544100891145,2.4855256108922577
0.3141592653589793,0.07853981633974483,10.5,0.06283185307179584,0.01570796326794896,-0.09999999999999964,0.41087131986255226,2.488711814622105
0.37699111843077515,0.09424777960769379,10.399999999999999,0.06283185307179584,0.01570796326794896,-0.10000000000000142,0.4090887427272443,2.4923892309447195
0.4398229715025711,0.10995574287564278,10.299999999999999,0.06283185307179595,0.015707963267948988,-0.09999999999999964,0.40850297223853044,2.502585895799646
0.5026548245743669,0.12566370614359174,10.200000000000001,0.06283185307179584,0.01570796326794896,-0.09999999999999787,0.4066070464895434,2.4974877762444088
0.5654866776461628,0.1413716694115407,10.1,0.06283185307179584,0.01570796326794896,-0.10000000000000142,0.40730308307942564,2.4735221490933363
0.6283185307179586,0.15707963267948966,10.0,0.06283185307179584,0.01570796326794896,-0.09999999999999964,0.41723913222215664,2.473226054881129
0.6911503837897545,0.17278759594743862,9.9,0.06283185307179584,0.01570796326794896,-0.09999999999999964,0.4135430494962516,2.464480348297
0.7539822368615503,0.18849555921538758,9.8,0.06283185307179584,0.01570796326794896,-0.09999999999999964,0.4184929079623404,2.460324640975827
0.8168140899333463,0.20420352248333656,9.7,0.06283185307179595,0.015707963267948988,-0.10000000000000142,0.4109996700049908,2.4793476665733656
0.8796459430051422,0.21991148575128555,9.6,0.06283185307179595,0.015707963267948988,-0.09999999999999964,0.41346845418392975,2.4806210895595555
0.9424777960769379,0.23561944901923448,9.5,0.06283185307179573,0.015707963267948932,-0.09999999999999964,0.4028162138707665,2.487898056053827
1.0053096491487339,0.25132741228718347,9.4,0.06283185307179595,0.015707963267948988,-0.09999999999999964,0.40449965677473915,2.4887515147782824
1.0681415022205298,0.26703537555513246,9.299999999999999,0.06283185307179595,0.015707963267948988,-0.10000000000000142,0.4060959416758334,2.5082060323093844
1.1309733552923256,0.2827433388230814,9.200000000000001,0.06283185307179573,0.015707963267948932,-0.09999999999999787,0.4093805182328304,2.5191927711408657
1.1938052083641213,0.2984513020910303,9.100000000000001,0.06283185307179573,0.015707963267948932,-0.09999999999999964,0.41308397045775036,2.5133876900858603
1.2566370614359172,0.3141592653589793,9.0,0.06283185307179595,0.015707963267948988,-0.10000000000000142,0.40295145608888633,2.5290284983534295
1.319468914507713,0.32986722862692824,8.9,0.06283185307179573,0.015707963267948932,-0.09999999999999964,0.40427081035303686,2.521761875834313
1.382300767579509,0.34557519189487723,8.8,0.06283185307179595,0.015707963267948988,-0.09999999999999964,0.40638371177647786,2.5028927551906923
1.4451326206513049,0.3612831551628262,8.7,0.06283185307179595,0.015707963267948988,-0.10000000000000142,0.41403484893853715,2.502015171776804
1.5079644737231006,0.37699111843077515,8.6,0.06283185307179573,0.015707963267948932,-0.09999999999999964,0.40455012453584877,2.5036492277307776
1.5707963267948966,0.39269908169872414,8.5,0.06283185307179595,0.015707963267948988,-0.09999999999999964,0.4002862021029764,2.4973396250879416
1.6336281798666925,0.4084070449666731,8.4,0.06283185307179595,0.015707963267948988,-0.09999999999999964,0.38785022754002185,2.4898605041489987
1.6964600329384885,0.4241150082346221,8.3,0.06283185307179595,0.015707963267948988,-0.09999999999999964,0.3976216686809177,2.480273207961229
1.7592918860102844,0.4398229715025711,8.2,0.06283185307179595,0.015707963267948988,-0.10000000000000142,0.40282499180657233,2.4819803258517665
1.82212373908208,0.45553093477052,8.1,0.06283185307179551,0.015707963267948877,-0.09999999999999964,0.40136975138394365,2.4650972761840344
1.8849555921538759,0.47123889803846897,8.0,0.06283185307179595,0.015707963267948988,-0.09999999999999964,0.39199899795238136,2.4667463600533455
1.9477874452256718,0.48694686130641796,7.8999999999999995,0.06283185307179595,0.015707963267948988,-0.10000000000000053,0.38746742558340286,2.464156747451854
2.0106192982974678,0.5026548245743669,7.799999999999999,0.06283185307179595,0.015707963267948988,-0.10000000000000053,0.38335552700322273,2.465880264111974
2.0734511513692637,0.5183627878423159,7.699999999999999,0.06283185307179595,0.015707963267948988,-0.09999999999999964,0.38387187592501887,2.4718958078086413
2.1362830044410597,0.5340707511102649,7.6,0.06283185307179595,0.015707963267948988,-0.09999999999999964,0.3771883484694797,2.448802137482081
2.199114857512855,0.5497787143782138,7.499999999999999,0.06283185307179551,0.015707963267948877,-0.10000000000000053,0.3703986865691259,2.4401769269745293
2.261946710584651,0.5654866776461628,7.4,0.06283185307179595,0.015707963267948988,-0.09999999999999876,0.37267529131039673,2.4338900448168093
2.324778563656447,0.5811946409141118,7.3,0.06283185307179595,0.015707963267948988,-0.10000000000000053,0.3762412190125042,2.429361487528269
2.3876104167282426,0.5969026041820606,7.2,0.06283185307179551,0.015707963267948877,-0.09999999999999964,0.3820770991439228,2.411603536451481
2.4504422698000385,0.6126105674500096,7.1,0.06283185307179595,0.015707963267948988,-0.10000000000000053,0.38175419554118206,2.4114262101923143
2.5132741228718345,0.6283185307179586,7.0,0.06283185307179595,0.015707963267948988,-0.09999999999999964,0.38110437521566637,2.41530418869669
2.5761059759436304,0.6440264939859076,6.8999999999999995,0.06283185307179595,0.015707963267948988,-0.10000000000000053,0.38139050880581005,2.4139868689717403
2.638937829015426,0.6597344572538565,6.800000000000001,0.06283185307179551,0.015707963267948877,-0.09999999999999876,0.3775954838116844,2.418786008923218
2.701769682087222,0.6754424205218055,6.700000000000001,0.06283185307179595,0.015707963267948988,-0.09999999999999964,0.37501146889851766,2.4295506642636617
2.764601535159018,0.6911503837897545,6.6000000000000005,0.06283185307179595,0.015707963267948988,-0.10000000000000053,0.3690106631285538,2.4427399410418826
2.827433388230814,0.7068583470577035,6.5,0.06283185307179595,0.015707963267948988,-0.10000000000000053,0.3799003767029505,2.4504654065652214
2.8902652413026098,0.7225663103256524,6.4,0.06283185307179595,0.015707963267948988,-0.09999999999999964,0.37255055418321403,2.454297392747047
2.9530970943744057,0.7382742735936014,6.300000000000001,0.06283185307179595,0.015707963267948988,-0.09999999999999964,0.368949128997,2.4706354023355424
3.015928947446201,0.7539822368615503,6.2,0.06283185307179551,0.015707963267948877,-0.10000000000000053,0.36197448840614044,2.4662938865660764
3.078760800517997,0.7696902001294993,6.1,0.06283185307179595,0.015707963267948988,-0.10000000000000053,0.36648988177990527,2.454431211003269
3.141592653589793,0.7853981633974483,6.0,0.06283185307179595,0.015707963267948988,-0.09999999999999964,0.3681089138991286,2.4405885325251115
3.204424506661589,0.8011061266653973,5.9,0.06283185307179595,0.015707963267948988,-0.09999999999999964,0.3713998688846604,2.4378707555310974
3.267256359733385,0.8168140899333463,5.8,0.06283185307179595,0.015707963267948988,-0.10000000000000053,0.36582280693730373,2.435396787649217
3.330088212805181,0.8325220532012952,5.699999999999999,0.06283185307179595,0.015707963267948988,-0.10000000000000053,0.36145624013613,2.451123957259274
3.392920065876977,0.8482300164692442,5.6,0.06283185307179595,0.015707963267948988,-0.09999999999999964,0.3594061988565618,2.4435937485656902
3.455751918948773,0.8639379797371932,5.5,0.06283185307179595,0.015707963267948988,-0.09999999999999964,0.362010296023509,2.469131634642308
3.518583772020569,0.8796459430051422,5.3999999999999995,0.06283185307179595,0.015707963267948988,-0.10000000000000053,0.3563338284177657,2.4869765525801433
3.5814156250923643,0.8953539062730911,5.299999999999999,0.06283185307179551,0.015707963267948877,-0.10000000000000053,0.3511219976247973,2.493318551486828
3.64424747816416,0.91106186954104,5.2,0.06283185307179551,0.015707963267948877,-0.09999999999999876,0.3459735604478071,2.483137253118266
3.707079331235956,0.926769832808989,5.1000000000000005,0.06283185307179595,0.015707963267948988,-0.09999999999999964,0.34245316122731667,2.5035070814576534
3.7699111843077517,0.9424777960769379,5.0,0.06283185307179595,0.015707963267948988,-0.10000000000000053,0.3478503597887235,2.516430294922119
3.8327430373795477,0.9581857593448869,4.9,0.06283185307179595,0.015707963267948988,-0.09999999999999964,0.35263428341470754,2.511046320727174
3.8955748904513436,0.9738937226128359,4.8,0.06283185307179595,0.015707963267948988,-0.10000000000000053,0.351373841424199,2.5168355325351355
3.958406743523139,0.9896016858807848,4.7,0.06283185307179551,0.015707963267948877,-0.09999999999999964,0.3480771020837907,2.5186550495444924
4.0212385965949355,1.0053096491487339,4.6,0.0628318530717964,0.0157079632679491,-0.10000000000000053,0.3463713109431139,2.5164010550056886
4.084070449666731,1.0210176124166828,4.5,0.06283185307179551,0.015707963267948877,-0.09999999999999964,0.34728801356782746,2.5298975930045873
4.1469023027385274,1.0367255756846319,4.3999999999999995,0.0628318530717964,0.0157079632679491,-0.10000000000000053,0.3480512261285723,2.538802044804501
4.209734155810323,1.0524335389525807,4.3,0.06283185307179551,0.015707963267948877,-0.09999999999999964,0.349221295896176,2.5303115594570436
4.272566008882119,1.0681415022205298,4.199999999999999,0.0628318530717964,0.0157079632679491,-0.10000000000000053,0.3449131376812341,2.5243168126003126
4.335397861953915,1.0838494654884787,4.1,0.06283185307179551,0.015707963267948877,-0.09999999999999964,0.34549195962562773,2.5166265756041173
4.39822971502571,1.0995574287564276,3.999999999999999,0.06283185307179551,0.015707963267948877,-0.10000000000000053,0.3392015145708743,2.5042550456612966
4.461061568097506,1.1152653920243765,3.9000000000000004,0.06283185307179551,0.015707963267948877,-0.09999999999999876,0.34276544488943994,2.5147815814458685
4.523893421169302,1.1309733552923256,3.8000000000000003,0.0628318530717964,0.0157079632679491,-0.10000000000000009,0.3389425038030502,2.507727213073598
4.586725274241098,1.1466813185602744,3.7,0.06283185307179551,0.015707963267948877,-0.10000000000000009,0.335231414204167,2.5023135003946435
4.649557127312894,1.1623892818282235,3.6,0.0628318530717964,0.0157079632679491,-0.10000000000000009,0.3451239448030214,2.5139615217890228
4.71238898038469,1.1780972450961724,3.5,0.06283185307179551,0.015707963267948877,-0.10000000000000009,0.3457515603204712,2.535294280972196
4.775220833456485,1.1938052083641213,3.4,0.06283185307179551,0.015707963267948877,-0.10000000000000009,0.34266709708784215,2.5350112139988012
4.838052686528282,1.2095131716320704,3.3,0.0628318530717964,0.0157079632679491,-0.10000000000000009,0.34024861733390616,2.5261585042154593
4.900884539600077,1.2252211349000193,3.1999999999999997,0.06283185307179551,0.015707963267948877,-0.10000000000000009,0.3337015917917783,2.5245100243985727
4.9637163926718735,1.2409290981679684,3.0999999999999996,0.0628318530717964,0.0157079632679491,-0.10000000000000009,0.3372338218135419,2.540329229027386
5.026548245743669,1.2566370614359172,2.9999999999999996,0.06283185307179551,0.015707963267948877,-0.10000000000000009,0.3370469208682048,2.5485541000870633
5.089380098815465,1.2723450247038663,2.8999999999999995,0.0628318530717964,0.0157079632679491,-0.10000000000000009,0.33348405246585927,2.551952703873291
5.152211951887261,1.2880529879718152,2.7999999999999994,0.06283185307179551,0.015707963267948877,-0.10000000000000009,0.33348405246585927,2.5556529473752887
5.215043804959057,1.3037609512397643,2.6999999999999993,0.0628318530717964,0.0157079632679491,-0.10000000000000009,0.34654304710441086,2.570857717096723
5.277875658030852,1.319468914507713,2.6000000000000005,0.06283185307179462,0.015707963267948655,-0.09999999999999876,0.34654304710441086,2.5688652087215935
5.340707511102648,1.335176877775662,2.5,0.0628318530717964,0.0157079632679491,-0.10000000000000053,0.35309320766916064,2.540128216610774
5.403539364174444,1.350884841043611,2.4000000000000004,0.06283185307179551,0.015707963267948877,-0.09999999999999964,0.351224336139002,2.5316542369867814
5.46637121724624,1.36659280431156,2.3,0.0628318530717964,0.0157079632679491,-0.10000000000000053,0.36597730742731727,2.5179361527328417
5.529203070318036,1.382300767579509,2.2,0.06283185307179551,0.015707963267948877,-0.09999999999999964,0.365197810226346,2.5178562189423737
5.592034923389832,1.398008730847458,2.0999999999999996,0.0628318530717964,0.0157079632679491,-0.10000000000000053,0.38801727673559744,2.5057735597535893
5.654866776461628,1.413716694115407,1.9999999999999998,0.06283185307179551,0.015707963267948877,-0.09999999999999987,0.404649021509918,2.5079364795178702
5.717698629533424,1.429424657383356,1.8999999999999997,0.0628318530717964,0.0157079632679491,-0.10000000000000009,0.408474911250175,2.5034105024670135
5.7805304826052195,1.4451326206513049,1.7999999999999996,0.06283185307179551,0.015707963267948877,-0.10000000000000009,0.40194587517261665,2.4979854980068206
5.843362335677016,1.460840583919254,1.6999999999999995,0.0628318530717964,0.0157079632679491,-0.10000000000000009,0.4155678033989287,2.4775444137081317
5.906194188748811,1.4765485471872029,1.5999999999999994,0.06283185307179551,0.015707963267948877,-0.10000000000000009,0.45462985379139537,2.5015944790601727
5.969026041820607,1.4922565104551517,1.4999999999999993,0.06283185307179551,0.015707963267948877,-0.10000000000000009,0.45030284014532873,2.497257776913155
6.031857894892402,1.5079644737231006,1.4000000000000004,0.06283185307179551,0.015707963267948877,-0.09999999999999898,0.45030284014532873,2.5057885200340873
6.094689747964199,1.5236724369910497,1.3000000000000003,0.0628318530717964,0.0157079632679491,-0.10000000000000009,0.45234772826537367,2.509811167016261
6.157521601035994,1.5393804002589986,1.2000000000000002,0.06283185307179551,0.015707963267948877,-0.10000000000000009,0.4743558966898614,2.505853688764135
6.220353454107791,1.5550883635269477,1.1,0.0628318530717964,0.0157079632679491,-0.10000000000000009,0.49509133596872906,2.503581654449679
0.0,1.5550883635269477,1.1,-6.220353454107791,0.0,0.0,0.5200094871457529,2.5059091061674765
0.06283185307179587,1.5393804002589986,1.2000000000000002,0.06283185307179587,-0.0157079632679491,0.10000000000000009,0.5200094871457529,2.5057944696575056
0.12566370614359174,1.5236724369910497,1.3000000000000003,0.06283185307179587,-0.015707963267948877,0.10000000000000009,0.5200094871457529,2.5046848776953037
0.18849555921538758,1.5079644737231006,1.4000000000000004,0.06283185307179584,-0.0157079632679491,0.10000000000000009,0.5292250427676564,2.510460553700075
0.25132741228718347,1.4922565104551517,1.4999999999999993,0.0628318530717959,-0.015707963267948877,0.09999999999999898,0.552316622352591,2.4808070185599624
0.3141592653589793,1.4765485471872029,1.5999999999999994,0.06283185307179584,-0.015707963267948877,0.10000000000000009,0.5438998103315795,2.46298296252864
0.37699111843077515,1.460840583919254,1.6999999999999995,0.06283185307179584,-0.015707963267948877,0.10000000000000009,0.5438998103315795,2.456199812367179
0.4398229715025711,1.4451326206513049,1.7999999999999996,0.06283185307179595,-0.0157079632679491,0.10000000000000009,0.5438998103315795,2.46329887394082
0.5026548245743669,1.429424657383356,1.8999999999999997,0.06283185307179584,-0.015707963267948877,0.10000000000000009,0.5438998103315795,2.4695751479627512
0.5654866776461628,1.413716694115407,1.9999999999999998,0.06283185307179584,-0.0157079632679491,0.10000000000000009,0.5438998103315795,2.471848402994381
0.6283185307179586,1.398008730847458,2.0999999999999996,0.06283185307179584,-0.015707963267948877,0.09999999999999987,0.5438998103315795,2.4662800552734807
0.6911503837897545,1.382300767579509,2.2,0.06283185307179584,-0.0157079632679491,0.10000000000000053,0.5438998103315795,2.463674505690039
0.7539822368615503,1.36659280431156,2.3,0.06283185307179584,-0.015707963267948877,0.09999999999999964,0.5438998103315795,2.4741215640484993
0.8168140899333463,1.350884841043611,2.4000000000000004,0.06283185307179595,-0.0157079632679491,0.10000000000000053,0.5438998103315795,2.472675449881706
0.8796459430051422,1.335176877775662,2.5,0.06283185307179595,-0.015707963267948877,0.09999999999999964,0.5438998103315795,2.596688559862785
0.9424777960769379,1.319468914507713,2.6000000000000005,0.06283185307179573,-0.0157079632679491,0.10000000000000053,0.5438998103315795,2.596688559862785
1.0053096491487339,1.3037609512397643,2.6999999999999993,0.06283185307179595,-0.015707963267948655,0.09999999999999876,0.5447978558804998,2.596688559862785
1.0681415022205298,1.2880529879718152,2.7999999999999994,0.06283185307179595,-0.0157079632679491,0.10000000000000009,0.5346976289284893,2.596688559862785
1.1309733552923256,1.2723450247038663,2.8999999999999995,0.06283185307179573,-0.015707963267948877,0.10000000000000009,0.536750777653712,2.596688559862785
1.1938052083641213,1.2566370614359172,2.9999999999999996,0.06283185307179573,-0.0157079632679491,0.10000000000000009,0.526370016209625,2.596688559862785
1.2566370614359172,1.2409290981679684,3.0999999999999996,0.06283185307179595,-0.015707963267948877,0.10000000000000009,0.5230168817049611,2.596688559862785
1.319468914507713,1.2252211349000193,3.1999999999999997,0.06283185307179573,-0.0157079632679491,0.10000000000000009,0.5258642667515359,2.596688559862785
1.382300767579509,1.2095131716320704,3.3,0.06283185307179595,-0.015707963267948877,0.10000000000000009,0.5208673284850074,2.596688559862785
1.4451326206513049,1.1938052083641213,3.4,0.06283185307179595,-0.0157079632679491,0.10000000000000009,0.5224682705138598,2.596688559862785
1.5079644737231006,1.1780972450961724,3.5,0.06283185307179573,-0.015707963267948877,0.10000000000000009,0.5079103232456319,2.596688559862785
1.5707963267948966,1.1623892818282235,3.6,0.06283185307179595,-0.015707963267948877,0.10000000000000009,0.505676575504908,2.5884693059408637
1.6336281798666925,1.1466813185602744,3.7,0.06283185307179595,-0.0157079632679491,0.10000000000000009,0.5147865537698196,2.5896577391518987
1.6964600329384885,1.1309733552923256,3.8000000000000003,0.06283185307179595,-0.015707963267948877,0.10000000000000009,0.5161383018192134,2.564891629640786
1.7592918860102844,1.1152653920243765,3.9000000000000004,0.06283185307179595,-0.0157079632679491,0.10000000000000009,0.5127997849898527,2.569768672661037
1.82212373908208,1.0995574287564276,3.999999999999999,0.06283185307179551,-0.015707963267948877,0.09999999999999876,0.5161358404187995,2.5826771759108214
1.8849555921538759,1.0838494654884787,4.1,0.06283185307179595,-0.015707963267948877,0.10000000000000053,0.515386761856531,2.579339368725791
1.9477874452256718,1.0681415022205298,4.199999999999999,0.06283185307179595,-0.015707963267948877,0.09999999999999964,0.5119478516062718,2.5997038968654604
2.0106192982974678,1.0524335389525807,4.3,0.06283185307179595,-0.0157079632679491,0.10000000000000053,0.5128511017191684,2.5913652142764683
2.0734511513692637,1.0367255756846319,4.3999999999999995,0.06283185307179595,-0.015707963267948877,0.09999999999999964,0.5071189186932192,2.5871142943405796
2.1362830044410597,1.0210176124166828,4.5,0.06283185307179595,-0.0157079632679491,0.10000000000000053,0.508182428474171,2.589296948406945
2.199114857512855,1.0053096491487339,4.6,0.06283185307179551,-0.015707963267948877,0.09999999999999964,0.5072913608991766,2.583503873501208
2.261946710584651,0.9896016858807848,4.7,0.06283185307179595,-0.0157079632679491,0.10000000000000053,0.506109379060014,2.584122465074687
2.324778563656447,0.9738937226128359,4.8,0.06283185307179595,-0.015707963267948877,0.09999999999999964,0.5014366004500891,2.5828615594036943
2.3876104167282426,0.9581857593448869,4.9,0.06283185307179551,-0.015707963267948988,0.10000000000000053,0.5011743726012783,2.597741394611817
2.4504422698000385,0.9424777960769379,5.0,0.06283185307179595,-0.015707963267948988,0.09999999999999964,0.49537304988091063,2.5939639290579373
2.5132741228718345,0.926769832808989,5.1000000000000005,0.06283185307179595,-0.015707963267948988,0.10000000000000053,0.4856922572775898,2.584456472163811
2.5761059759436304,0.91106186954104,5.2,0.06283185307179595,-0.015707963267948988,0.09999999999999964,0.48487565910480257,2.5790053645884967
2.638937829015426,0.8953539062730911,5.299999999999999,0.06283185307179551,-0.015707963267948877,0.09999999999999876,0.48892845075691754,2.5684623070539634
2.701769682087222,0.8796459430051422,5.3999999999999995,0.06283185307179595,-0.015707963267948877,0.10000000000000053,0.4798825630866643,2.576189931589262
2.764601535159018,0.8639379797371932,5.5,0.06283185307179595,-0.015707963267948988,0.10000000000000053,0.47615308469549955,2.5871885899532887
2.827433388230814,0.8482300164692442,5.6,0.06283185307179595,-0.015707963267948988,0.09999999999999964,0.47578906162263745,2.5838962603870503
2.8902652413026098,0.8325220532012952,5.699999999999999,0.06283185307179595,-0.015707963267948988,0.09999999999999964,0.4727610103938136,2.587692971003403
2.9530970943744057,0.8168140899333463,5.8,0.06283185307179595,-0.015707963267948988,0.10000000000000053,0.47701178639263764,2.562049540589819
3.015928947446201,0.8011061266653973,5.9,0.06283185307179551,-0.015707963267948988,0.10000000000000053,0.4741441501949156,2.5747962949116783
3.078760800517997,0.7853981633974483,6.0,0.06283185307179595,-0.015707963267948988,0.09999999999999964,0.4686576548388041,2.5713331132308888
3.141592653589793,0.7696902001294993,6.1,0.06283185307179595,-0.015707963267948988,0.09999999999999964,0.4664988899177746,2.5656497626967854
3.204424506661589,0.7539822368615503,6.2,0.06283185307179595,-0.015707963267948988,0.10000000000000053,0.46372005417818574,2.5592293964836608
3.267256359733385,0.7382742735936014,6.300000000000001,0.06283185307179595,-0.015707963267948877,0.10000000000000053,0.46421525034956046,2.558485648588317
3.330088212805181,0.7225663103256524,6.4,0.06283185307179595,-0.015707963267948988,0.09999999999999964,0.46231256262607734,2.5585846499910505
3.392920065876977,0.7068583470577035,6.5,0.06283185307179595,-0.015707963267948988,0.09999999999999964,0.4647803500099235,2.5574312978567635
3.455751918948773,0.6911503837897545,6.6000000000000005,0.06283185307179595,-0.015707963267948988,0.10000000000000053,0.4620855243456409,2.561178627898035
3.518583772020569,0.6754424205218055,6.700000000000001,0.06283185307179595,-0.015707963267948988,0.10000000000000053,0.46118634800294717,2.5750489596825776
3.5814156250923643,0.6597344572538565,6.800000000000001,0.06283185307179551,-0.015707963267948988,0.09999999999999964,0.46063190282731814,2.578506384654932
3.64424747816416,0.6440264939859076,6.8999999999999995,0.06283185307179551,-0.015707963267948877,0.09999999999999876,0.45833536003316977,2.5675793770264757
3.707079331235956,0.6283185307179586,7.0,0.06283185307179595,-0.015707963267948988,0.10000000000000053,0.4640108588965487,2.561389415716262
3.7699111843077517,0.6126105674500096,7.1,0.06283185307179595,-0.015707963267948988,0.09999999999999964,0.4692291144103064,2.5677856444396
3.8327430373795477,0.5969026041820606,7.2,0.06283185307179595,-0.015707963267948988,0.10000000000000053,0.4747164797708668,2.5651773372654167
3.8955748904513436,0.5811946409141118,7.3,0.06283185307179595,-0.015707963267948877,0.09999999999999964,0.4758358407803401,2.552459684679962
3.958406743523139,0.5654866776461628,7.4,0.06283185307179551,-0.015707963267948988,0.10000000000000053,0.46875816706748136,2.537966392935789
4.0212385965949355,0.5497787143782138,7.499999999999999,0.0628318530717964,-0.015707963267948988,0.09999999999999876,0.46762924104646636,2.5338169243523767
4.084070449666731,0.5340707511102649,7.6,0.06283185307179551,-0.015707963267948877,0.10000000000000053,0.4704944598064995,2.520567024553531
4.1469023027385274,0.5183627878423159,7.699999999999999,0.0628318530717964,-0.015707963267948988,0.09999999999999964,0.4654551981826109,2.5336055755711606
4.209734155810323,0.5026548245743669,7.799999999999999,0.06283185307179551,-0.015707963267948988,0.09999999999999964,0.46623242867720144,2.532081526349321
4.272566008882119,0.48694686130641796,7.8999999999999995,0.0628318530717964,-0.015707963267948988,0.10000000000000053,0.47075828679055465,2.5265513815542793
4.335397861953915,0.47123889803846897,8.0,0.06283185307179551,-0.015707963267948988,0.10000000000000053,0.46704031366470805,2.5204217220550014
4.39822971502571,0.45553093477052,8.1,0.06283185307179551,-0.015707963267948988,0.09999999999999964,0.4709970135730879,2.507880231148162
4.461061568097506,0.4398229715025711,8.2,0.06283185307179551,-0.015707963267948877,0.09999999999999964,0.4730951633685371,2.4993713026845983
4.523893421169302,0.4241150082346221,8.3,0.0628318530717964,-0.015707963267948988,0.10000000000000142,0.4687356945925696,2.5017939495010273
4.586725274241098,0.4084070449666731,8.4,0.06283185307179551,-0.015707963267948988,0.09999999999999964,0.470644419383359,2.497995152764336
4.649557127312894,0.39269908169872414,8.5,0.0628318530717964,-0.015707963267948988,0.09999999999999964,0.470971372607364,2.4936264915182647
4.71238898038469,0.37699111843077515,8.6,0.06283185307179551,-0.015707963267948988,0.09999999999999964,0.4679459269608342,2.503295592536455
4.775220833456485,0.3612831551628262,8.7,0.06283185307179551,-0.015707963267948932,0.09999999999999964,0.4630523718278136,2.491194967279887
4.838052686528282,0.34557519189487723,8.8,0.0628318530717964,-0.015707963267948988,0.10000000000000142,0.4601862572748078,2.4770940887418473
4.900884539600077,0.32986722862692824,8.9,0.06283185307179551,-0.015707963267948988,0.09999999999999964,0.46704538411694735,2.4972701604896526
4.9637163926718735,0.3141592653589793,9.0,0.0628318530717964,-0.015707963267948932,0.09999999999999964,0.4680133960278811,2.4873201662493623
5.026548245743669,0.2984513020910303,9.100000000000001,0.06283185307179551,-0.015707963267948988,0.10000000000000142,0.4605396820155117,2.4747606073064485
5.089380098815465,0.2827433388230814,9.200000000000001,0.0628318530717964,-0.015707963267948932,0.09999999999999964,0.44689407972103046,2.470925723485747
5.152211951887261,0.26703537555513246,9.299999999999999,0.06283185307179551,-0.015707963267948932,0.09999999999999787,0.45212015355311647,2.462740726923835
5.215043804959057,0.25132741228718347,9.4,0.0628318530717964,-0.015707963267948988,0.10000000000000142,0.4450390888326151,2.4660144552194
5.277875658030852,0.23561944901923448,9.5,0.06283185307179462,-0.015707963267948988,0.09999999999999964,0.4460014450417098,2.4543186545662485
5.340707511102648,0.21991148575128555,9.6,0.0628318530717964,-0.015707963267948932,0.09999999999999964,0.45187368562200825,2.4447467690446922
5.403539364174444,0.20420352248333656,9.7,0.06283185307179551,-0.015707963267948988,0.09999999999999964,0.4515878679302978,2.430707349482893
5.46637121724624,0.18849555921538758,9.8,0.0628318530717964,-0.015707963267948988,0.10000000000000142,0.4504998264373763,2.4224466079479505
5.529203070318036,0.17278759594743862,9.9,0.06283185307179551,-0.01570796326794896,0.09999999999999964,0.4536041129649372,2.421030186380765
5.592034923389832,0.15707963267948966,10.0,0.0628318530717964,-0.01570796326794896,0.09999999999999964,0.450323537190808,2.429912160538752
5.654866776461628,0.1413716694115407,10.1,0.06283185307179551,-0.01570796326794896,0.09999999999999964,0.44526332619013215,2.422821524896426
5.717698629533424,0.12566370614359174,10.200000000000001,0.0628318530717964,-0.01570796326794896,0.10000000000000142,0.441459595375476,2.4388169917905644
5.7805304826052195,0.10995574287564278,10.299999999999999,0.06283185307179551,-0.01570796326794896,0.09999999999999787,0.4434466349980281,2.43437271159973
5.843362335677016,0.09424777960769379,10.399999999999999,0.0628318530717964,-0.015707963267948988,0.09999999999999964,0.4444191520430713,2.4289964533904644
5.906194188748811,0.07853981633974483,10.5,0.06283185307179551,-0.01570796326794896,0.10000000000000142,0.45155316882742536,2.4315075571456535
5.969026041820607,0.06283185307179587,10.6,0.06283185307179551,-0.01570796326794896,0.09999999999999964,0.44690984079663254,2.434453127498152
6.031857894892402,0.047123889803846894,10.7,0.06283185307179551,-0.015707963267948974,0.09999999999999964,0.44190048257561027,2.4337917297703067
6.094689747964199,0.031415926535897934,10.8,0.0628318530717964,-0.01570796326794896,0.10000000000000142,0.4391130140610418,2.444449830091984
6.157521601035994,0.015707963267948967,10.9,0.06283185307179551,-0.015707963267948967,0.09999999999999964,0.44221799809028933,2.4578750467125112
6.220353454107791,0.0,11.0,0.0628318530717964,-0.015707963267948967,0.09999999999999964,0.4375560039851961,2.464471938755038
